PlotID,latitude,longitude,CLASS,h,v,Notes,Interprete,Accumulate,a1986,a1987,a1988,a1989,a1990,a1991,a1992,a1993,a1994,a1995,a1996,a1997,a1998,a1999,a2000,a2001,a2002,a2003,a2004,a2005,a2006,a2007,a2008,a2009,a2010,a2011,a2012,a2013,a2014,a2015,a2016,a2017,a2018,a2019,a2020,OriginID,row,col,rowResize,colResize
562,40.850627,-124.084206,1,1,6,,1,1,0,0,0,0,0,0,0,0,0,0,0,0,0,0,0,0,0,0,0,0,0,0,0,0,0,0,0,0,0,0,0,0,7,0,0,9321,2936,3374,89,102
453,37.97359867,-122.3767748,1,1,8,,1,0,0,0,0,0,0,0,0,0,0,0,0,0,0,0,0,0,0,0,0,0,0,0,0,0,0,0,0,0,0,0,0,0,0,0,0,7426,4616,4995,139,150
454,37.97534694,-122.3819482,1,1,8,,1,2,0,0,0,0,0,0,10,0,0,0,0,0,0,0,0,0,0,0,0,0,0,3,0,0,0,0,0,0,0,0,0,0,0,0,0,7430,4606,4982,139,150
455,37.92234223,-122.6884319,1,1,8,,1,0,0,0,0,0,0,0,0,0,0,0,0,0,0,0,0,0,0,0,0,0,0,0,0,0,0,0,0,0,0,0,0,0,0,0,0,7449,4551,4073,137,123
464,38.11379069,-122.487995,1,1,8,Noisy,1,4,0,0,0,0,0,0,0,0,0,7,0,0,0,0,6,0,0,0,7,0,0,0,2,0,0,0,0,0,0,0,0,0,0,0,0,7607,4024,4829,121,145
465,38.11733121,-122.4881537,1,1,8,recovery,1,1,0,0,0,0,0,0,0,0,8,0,0,0,0,0,0,0,0,0,0,0,0,0,0,0,0,0,0,0,0,0,0,0,0,0,0,7613,4011,4832,121,145
474,38.08781674,-122.9330017,1,1,8,,1,0,0,0,0,0,0,0,0,0,0,0,0,0,0,0,0,0,0,0,0,0,0,0,0,0,0,0,0,0,0,0,0,0,0,0,0,7702,3760,3564,113,107
476,38.19950303,-122.5733781,1,1,8,,1,0,0,0,0,0,0,0,0,0,0,0,0,0,0,0,0,0,0,0,0,0,0,0,0,0,0,0,0,0,0,0,0,0,0,0,0,7735,3648,4680,110,141
694,46.47325009,-123.9602358,1,2,2,,1,2,0,0,0,0,0,0,0,0,0,0,0,7,0,0,0,0,0,0,3,0,0,0,0,0,0,0,0,0,0,0,0,0,0,0,0,12999,3031,4767,91,143
698,46.69112954,-124.0554825,3,2,2,,1,1,0,0,0,0,0,0,0,0,0,0,0,0,0,0,0,0,0,0,0,0,0,0,0,0,0,0,0,0,0,0,0,0,5,0,0,13091,2190,4767,66,143
704,46.89361238,-124.092909,1,2,2,,1,0,0,0,0,0,0,0,0,0,0,0,0,0,0,0,0,0,0,0,0,0,0,0,0,0,0,0,0,0,0,0,0,0,0,0,0,13198,1448,4893,44,147
685,44.89183495,-124.0139228,1,2,3,,1,0,0,0,0,0,0,0,0,0,0,0,0,0,0,0,0,0,0,0,0,0,0,0,0,0,0,0,0,0,0,0,0,0,0,0,0,12525,3595,2933,108,88
686,45.02845195,-123.9912823,1,2,3,,1,1,0,9,0,0,0,0,0,0,0,0,0,0,0,0,0,0,0,0,0,0,0,0,0,0,0,0,0,0,0,0,0,0,0,0,0,12569,3127,3138,94,95
687,45.18496514,-123.958931,1,2,3,,1,0,0,0,0,0,0,0,0,0,0,0,0,0,0,0,0,0,0,0,0,0,0,0,0,0,0,0,0,0,0,0,0,0,0,0,0,12639,2596,3387,78,102
688,45.28699239,-123.9386504,1,2,3,,1,0,0,0,0,0,0,0,0,0,0,0,0,0,0,0,0,0,0,0,0,0,0,0,0,0,0,0,0,0,0,0,0,0,0,0,0,12707,2249,3548,68,107
672,43.37912116,-124.1744757,3,2,4,,1,0,0,0,0,0,0,0,0,0,0,0,0,0,0,0,0,0,0,0,0,0,0,0,0,0,0,0,0,0,0,0,0,0,0,0,0,11656,3848,887,116,27
675,43.95055199,-124.0587623,1,2,4,,1,0,0,0,0,0,0,0,0,0,0,0,0,0,0,0,0,0,0,0,0,0,0,0,0,0,0,0,0,0,0,0,0,0,0,0,0,11881,1905,1803,58,55
677,44.42661375,-124.0365167,1,2,4,,1,0,0,0,0,0,0,0,0,0,0,0,0,0,0,0,0,0,0,0,0,0,0,0,0,0,0,0,0,0,0,0,0,0,0,0,0,12126,230,2375,7,72
678,44.43041396,-124.037375,1,2,4,,1,0,0,0,0,0,0,0,0,0,0,0,0,0,0,0,0,0,0,0,0,0,0,0,0,0,0,0,0,0,0,0,0,0,0,0,0,12133,215,2376,7,72
450,38.04386108,-121.8114207,1,2,8,Gradual,1,1,0,0,0,0,0,0,0,0,0,0,0,0,0,0,0,0,0,0,0,0,0,0,0,0,0,0,0,0,6,0,0,0,0,0,0,7365,4808,1644,145,50
451,38.04007143,-121.8618419,1,2,8,Climate,1,5,0,0,0,1,0,0,0,2,0,0,0,0,0,0,0,0,0,5,0,0,0,0,0,0,8,0,0,0,0,0,0,7,0,0,0,7375,4782,1499,144,45
400,36.80654788,-121.7524244,3,2,9,,1,1,0,0,0,0,0,0,0,0,0,0,0,0,0,0,0,0,0,0,0,0,0,0,0,0,0,0,0,0,0,0,0,0,4,0,0,6039,4307,571,130,18
401,36.80952286,-121.7523276,3,2,9,,1,1,0,0,0,0,0,0,0,0,0,0,0,0,0,0,0,0,0,0,0,0,0,0,0,0,0,0,0,0,0,0,0,0,2,0,0,6048,4296,574,129,18
402,36.81618496,-121.7558119,1,2,9,,1,0,0,0,0,0,0,0,0,0,0,0,0,0,0,0,0,0,0,0,0,0,0,0,0,0,0,0,0,0,0,0,0,0,0,0,0,6067,4270,571,129,18
440,37.45543187,-122.0416598,3,2,9,,1,0,0,0,0,0,0,0,0,0,0,0,0,0,0,0,0,0,0,0,0,0,0,0,0,0,0,0,0,0,0,0,0,0,0,0,0,6687,1744,406,53,13
441,37.45575516,-122.1086862,1,2,9,,1,0,0,0,0,0,0,0,0,0,0,0,0,0,0,0,0,0,0,0,0,0,0,0,0,0,0,0,0,0,0,0,0,0,0,0,0,6709,1690,218,51,7
442,37.49763557,-122.0878884,3,2,9,,1,0,0,0,0,0,0,0,0,0,0,0,0,0,0,0,0,0,0,0,0,0,0,0,0,0,0,0,0,0,0,0,0,0,0,0,0,6761,1556,319,47,10
326,34.39926129,-119.5312841,1,2,11,Subtle,1,1,0,0,0,0,0,0,9,0,0,0,0,0,0,0,0,0,0,0,0,0,0,0,0,0,0,0,0,0,0,0,0,0,0,0,0,4775,4693,4695,141,141
706,47.8155325,-122.866739,1,3,1,,1,1,0,0,0,0,0,0,0,0,0,0,0,0,0,0,0,0,0,0,0,0,0,0,9,0,0,0,0,0,0,0,0,0,0,0,0,13268,4078,3839,123,116
707,47.82384702,-122.8518756,3,3,1,,1,0,0,0,0,0,0,0,0,0,0,0,0,0,0,0,0,0,0,0,0,0,0,0,0,0,0,0,0,0,0,0,0,0,0,0,0,13276,4059,3883,122,117
710,48.11422853,-122.59503,1,3,1,,1,0,0,0,0,0,0,0,0,0,0,0,0,0,0,0,0,0,0,0,0,0,0,0,0,0,0,0,0,0,0,0,0,0,0,0,0,13325,3212,4798,97,144
692,46.31612708,-123.6756868,1,3,2,,1,1,0,0,0,0,0,0,0,0,0,0,0,0,0,0,0,0,0,0,0,2,0,0,0,0,0,0,0,0,0,0,0,0,0,0,0,12913,3798,299,114,9
693,46.31791307,-123.6752364,1,3,2,,1,1,0,0,0,0,0,0,0,0,0,0,0,0,0,0,0,0,0,0,11,0,0,0,0,0,0,0,0,0,0,0,0,0,0,0,0,12918,3792,302,114,10
695,46.6685733,-123.73046,1,3,2,,1,0,0,0,0,0,0,0,0,0,0,0,0,0,0,0,0,0,0,0,0,0,0,0,0,0,0,0,0,0,0,0,0,0,0,0,0,13045,2511,539,76,17
696,46.68684808,-123.8281631,1,3,2,,1,2,0,0,0,0,0,0,0,0,0,0,0,0,0,0,0,0,10,0,0,0,0,0,10,0,0,0,0,0,0,0,0,0,0,0,0,13067,2374,319,72,10
697,46.71655187,-123.8347659,1,3,2,,1,0,0,0,0,0,0,0,0,0,0,0,0,0,0,0,0,0,0,0,0,0,0,0,0,0,0,0,0,0,0,0,0,0,0,0,0,13088,2264,334,68,11
699,46.74595982,-123.8785759,1,3,2,,1,0,0,0,0,0,0,0,0,0,0,0,0,0,0,0,0,0,0,0,0,0,0,0,0,0,0,0,0,0,0,0,0,0,0,0,0,13096,2128,259,64,8
700,46.76417395,-123.9008731,1,3,2,,1,1,0,0,0,0,0,0,5,0,0,0,0,0,0,0,0,0,0,0,0,0,0,0,0,0,0,0,0,0,0,0,0,0,0,0,0,13106,2047,223,62,7
701,47.07977259,-122.7009461,1,3,2,,1,1,0,0,0,0,0,0,0,0,0,0,0,0,0,0,0,0,0,0,0,0,9,0,0,0,0,0,0,0,0,0,0,0,0,0,0,13117,1797,3488,54,105
702,47.08484281,-122.7162832,3,3,2,,1,2,0,0,0,0,0,0,0,0,0,0,0,0,0,0,0,0,0,0,4,0,0,0,0,0,4,0,0,0,0,0,0,0,0,0,0,13125,1769,3455,54,104
703,47.08889109,-122.7153755,3,3,2,,1,1,0,0,0,0,0,0,0,0,0,0,0,0,0,0,0,0,0,0,0,0,0,0,0,0,7,0,0,0,0,0,0,0,0,0,0,13130,1755,3462,53,104
705,46.98964634,-124.0150269,1,3,2,,1,0,0,0,0,0,0,0,0,0,0,0,0,0,0,0,0,0,0,0,0,0,0,0,0,0,0,0,0,0,0,0,0,0,0,0,0,13223,1166,186,35,6
689,45.80664297,-122.8123807,1,3,3,,1,0,0,0,0,0,0,0,0,0,0,0,0,0,0,0,0,0,0,0,0,0,0,0,0,0,0,0,0,0,0,0,0,0,0,0,0,12817,1237,1906,38,58
690,45.81843614,-122.8031142,1,3,3,,1,1,0,0,0,0,0,0,0,0,0,0,0,0,0,0,0,5,0,0,0,0,0,0,0,0,0,0,0,0,0,0,0,0,0,0,0,12826,1202,1941,37,59
691,45.82579439,-122.8004995,1,3,3,,1,0,0,0,0,0,0,0,0,0,0,0,0,0,0,0,0,0,0,0,0,0,0,0,0,0,0,0,0,0,0,0,0,0,0,0,0,12831,1177,1955,36,59
311,33.63227875,-117.8866888,3,3,12,,1,0,0,0,0,0,0,0,0,0,0,0,0,0,0,0,0,0,0,0,0,0,0,0,0,0,0,0,0,0,0,0,0,0,0,0,0,4229,3659,3901,110,118
312,33.6390521,-117.965936,1,3,12,,1,1,0,0,0,0,0,0,0,0,0,0,0,0,0,0,0,0,0,0,0,0,0,0,0,4,0,0,0,0,0,0,0,0,0,0,0,4247,3579,3670,108,111
315,33.74264785,-118.0817884,1,3,12,,1,0,0,0,0,0,0,0,0,0,0,0,0,0,0,0,0,0,0,0,0,0,0,0,0,0,0,0,0,0,0,0,0,0,0,0,0,4322,3122,3413,94,103
323,34.10729661,-119.091538,1,3,12,,1,0,0,0,0,0,0,0,0,0,0,0,0,0,0,0,0,0,0,0,0,0,0,0,0,0,0,0,0,0,0,0,0,0,0,0,0,4650,1074,730,33,22
324,34.1014576,-119.123033,1,3,12,,1,2,0,0,0,11,0,0,0,0,0,0,1,0,0,0,0,0,0,0,0,0,0,0,0,0,0,0,0,0,0,0,0,0,0,0,0,4651,1072,632,33,19
325,34.10522898,-119.1326122,1,3,12,,1,1,0,0,0,0,0,0,0,0,0,0,0,0,0,0,0,0,0,0,0,0,0,0,3,0,0,0,0,0,0,0,0,0,0,0,0,4655,1051,607,32,19
708,48.00656706,-122.1552759,1,4,1,,1,1,0,0,0,0,0,0,0,0,0,0,0,0,0,0,0,0,0,0,0,2,0,0,0,0,0,0,0,0,0,0,0,0,0,0,0,13307,3895,750,117,23
709,48.03960098,-122.2071919,1,4,1,,1,0,0,0,0,0,0,0,0,0,0,0,0,0,0,0,0,0,0,0,0,0,0,0,0,0,0,0,0,0,0,0,0,0,0,0,0,13314,3742,658,113,20
711,48.24318542,-122.3982413,1,4,1,,1,0,0,0,0,0,0,0,0,0,0,0,0,0,0,0,0,0,0,0,0,0,0,0,0,0,0,0,0,0,0,0,0,0,0,0,0,13358,2892,402,87,13
712,48.31648627,-122.3823335,1,4,1,,1,1,0,0,0,0,0,0,0,0,0,0,0,0,0,0,0,0,0,0,0,0,0,0,0,9,0,0,0,0,0,0,0,0,0,0,0,13372,2644,514,80,16
713,48.35312683,-122.4668706,1,4,1,,1,0,0,0,0,0,0,0,0,0,0,0,0,0,0,0,0,0,0,0,0,0,0,0,0,0,0,0,0,0,0,0,0,0,0,0,0,13383,2457,348,74,11
714,48.35987685,-122.4922565,1,4,1,,1,0,0,0,0,0,0,0,0,0,0,0,0,0,0,0,0,0,0,0,0,0,0,0,0,0,0,0,0,0,0,0,0,0,0,0,0,13391,2416,294,73,9
715,48.45550378,-122.4866468,1,4,1,,1,0,0,0,0,0,0,0,0,0,0,0,0,0,0,0,0,0,0,0,0,0,0,0,0,0,0,0,0,0,0,0,0,0,0,0,0,13439,2082,404,63,13
716,48.56766323,-122.4738201,3,4,1,,1,0,0,0,0,0,0,0,0,0,0,0,0,0,0,0,0,0,0,0,0,0,0,0,0,0,0,0,0,0,0,0,0,0,0,0,0,13488,1695,548,51,17
288,32.56155432,-117.1288961,1,4,13,,1,0,0,0,0,0,0,0,0,0,0,0,0,0,0,0,0,0,0,0,0,0,0,0,0,0,0,0,0,0,0,0,0,0,0,0,0,3724,3067,291,92,9
289,32.56477336,-117.1297974,1,4,13,Gradual,1,0,0,0,0,0,0,0,0,0,0,0,0,0,0,0,0,0,0,0,0,0,0,0,0,0,0,0,0,0,0,0,0,0,0,0,0,3730,3054,291,92,9
290,32.57218756,-117.1307415,1,4,13,Gradual,1,0,0,0,0,0,0,0,0,0,0,0,0,0,0,0,0,0,0,0,0,0,0,0,0,0,0,0,0,0,0,0,0,0,0,0,0,3742,3027,294,91,9
294,32.63792858,-117.1092004,1,4,13,,1,0,0,0,0,0,0,0,0,0,0,0,0,0,0,0,0,0,0,0,0,0,0,0,0,0,0,0,0,0,0,0,0,0,0,0,0,3779,2803,413,85,13
295,32.92845152,-117.2499242,1,4,13,,1,3,0,0,0,0,0,0,6,0,0,0,0,0,0,0,0,0,0,0,0,0,0,0,0,0,0,0,0,4,0,0,6,0,0,0,0,3831,1653,226,50,7
296,32.92858084,-117.2544384,1,4,13,,1,1,0,0,0,0,0,0,0,0,0,0,0,0,0,0,0,0,0,0,0,0,0,0,0,0,0,0,0,0,0,0,5,0,0,0,0,3834,1649,212,50,7
297,32.93119996,-117.2515369,1,4,13,,1,1,0,0,0,0,0,0,0,0,0,0,0,0,0,0,0,0,0,0,0,0,0,0,0,0,0,0,0,0,0,0,6,0,0,0,0,3841,1642,223,50,7
298,32.93346128,-117.2545757,1,4,13,,1,2,0,0,0,0,0,0,0,0,0,0,0,0,0,0,0,0,0,0,0,0,0,0,0,0,5,0,0,0,3,0,0,0,0,0,0,3845,1632,216,49,7
299,33.01013828,-117.2765643,1,4,13,Density,1,3,0,0,0,0,0,0,0,0,0,0,0,0,0,0,5,0,0,0,0,0,0,0,0,0,0,0,0,0,0,0,0,0,7,0,8,3886,1338,213,41,7
124,27.3127272,-97.6070984853,3,16,18,,1,0,0,0,0,0,0,0,0,0,0,0,0,0,0,0,0,0,0,0,0,0,0,0,0,0,0,0,0,0,0,0,0,0,0,0,0,968,4711,189,142,6
125,27.31945136,-97.58718614,3,16,18,,1,0,0,0,0,0,0,0,0,0,0,0,0,0,0,0,0,0,0,0,0,0,0,0,0,0,0,0,0,0,0,0,0,0,0,0,0,971,4687,256,141,8
126,27.32477022,-97.62275595,3,16,18,,1,0,0,0,0,0,0,0,0,0,0,0,0,0,0,0,0,0,0,0,0,0,0,0,0,0,0,0,0,0,0,0,0,0,0,0,0,975,4666,138,140,5
127,27.347465083,-97.3723165227,3,16,18,,1,0,0,0,0,0,0,0,0,0,0,0,0,0,0,0,0,0,0,0,0,0,0,0,0,0,0,0,0,0,0,0,0,0,0,0,0,983,4596,970,138,30
131,27.40851696,-97.54582591,3,16,18,,1,0,0,0,0,0,0,0,0,0,0,0,0,0,0,0,0,0,0,0,0,0,0,0,0,0,0,0,0,0,0,0,0,0,0,0,0,1038,4362,398,131,12
135,27.42956712,-97.51084921,3,16,18,,1,0,0,0,0,0,0,0,0,0,0,0,0,0,0,0,0,0,0,0,0,0,0,0,0,0,0,0,0,0,0,0,0,0,0,0,0,1081,4287,516,129,16
150,27.8600907,-97.0581336,2,16,18,Gradual,1,0,0,0,0,0,0,0,0,0,0,0,0,0,0,0,0,0,0,0,0,0,0,0,0,0,0,0,0,0,0,0,0,0,0,0,0,1279,2724,2033,82,61
151,27.864095567,-97.0889092234,2,16,18,Gradual,1,1,0,0,0,0,0,0,0,0,0,0,0,0,0,0,0,0,0,0,0,0,0,0,0,0,0,2,0,0,0,0,0,0,0,0,0,1281,2708,1931,82,58
153,27.87485709,-97.07910532,2,16,18,,1,2,0,0,0,0,3,0,0,0,0,0,0,0,0,0,0,0,0,0,0,0,0,0,0,0,0,2,0,0,0,0,0,0,0,0,0,1289,2669,1964,81,59
154,27.881102796,-97.0599062368,2,16,18,Gradual,1,1,0,0,0,0,0,0,0,0,0,0,0,0,0,0,0,0,0,0,0,0,0,0,0,0,0,0,0,0,0,0,0,6,0,0,0,1293,2647,2028,80,61
155,27.87943457,-97.5044347289,1,16,18,,1,4,0,0,0,0,0,10,0,0,0,0,0,0,0,0,0,0,0,0,0,0,0,0,0,1,6,0,0,0,9,0,0,0,0,0,0,1296,2633,563,79,17
156,27.891525416,-97.0609051498,2,16,18,,1,1,0,0,0,0,0,0,0,0,0,0,0,0,0,0,0,0,0,0,0,0,0,0,0,0,0,0,0,0,0,0,0,6,0,0,0,1300,2608,2025,79,61
157,27.91604596,-97.07897411,2,16,18,,1,1,0,0,0,0,0,0,0,0,0,0,0,0,0,0,0,0,0,0,0,0,0,0,0,0,0,2,0,0,0,0,0,0,0,0,0,1305,2517,1966,76,59
45,26.33775814,-97.36241248,3,16,19,,1,0,0,0,0,0,0,0,0,0,0,0,0,0,0,0,0,0,0,0,0,0,0,0,0,0,0,0,0,0,0,0,0,0,0,0,0,384,3300,950,99,29
46,26.34050506,-97.35605179,3,16,19,,1,0,0,0,0,0,0,0,0,0,0,0,0,0,0,0,0,0,0,0,0,0,0,0,0,0,0,0,0,0,0,0,0,0,0,0,0,390,3290,971,99,30
219,30.05512396,-94.8201371,3,17,16,Noisy,1,3,0,0,0,0,0,0,0,0,0,0,0,0,10,0,0,0,0,0,0,6,0,0,0,0,0,0,0,0,0,1,0,0,0,0,0,2265,4621,4308,139,130
206,29.76333275,-94.69932571,2,17,17,,1,0,0,0,0,0,0,0,0,0,0,0,0,0,0,0,0,0,0,0,0,0,0,0,0,0,0,0,0,0,0,0,0,0,0,0,0,1942,695,4711,21,142
207,29.77912798,-94.71155134,2,17,17,,1,2,0,0,0,5,0,0,0,0,0,0,0,0,0,0,0,0,0,0,0,0,0,0,0,0,0,7,0,0,0,0,0,0,0,0,0,1961,637,4670,20,141
208,29.791987043,-94.7220344223,2,17,17,,1,1,0,0,0,0,0,0,0,0,0,0,0,0,0,0,0,0,0,0,0,0,0,0,0,0,0,6,0,0,0,0,0,0,0,0,0,1974,590,4636,18,140
209,29.794427143,-94.7596102673,2,17,17,,1,1,0,0,0,0,0,0,0,0,0,0,0,0,0,0,0,0,0,0,0,0,0,0,0,0,0,6,0,0,0,0,0,0,0,0,0,1978,582,4515,18,136
212,29.853230053,-94.7588311534,2,17,17,,1,3,0,0,0,12,0,0,0,0,0,0,0,0,0,0,0,0,0,0,0,0,0,0,0,0,0,7,0,0,0,0,4,0,0,0,0,2060,365,4515,11,136
220,30.078116552,-93.2861006389,1,18,16,,1,5,0,0,0,0,0,0,0,0,11,0,0,0,0,0,9,0,0,0,0,8,0,0,8,0,0,0,0,0,0,0,0,0,0,0,8,2312,4435,4230,134,127
202,29.591098124,-94.3145199793,1,18,17,Recovery,1,2,0,0,0,0,0,0,0,0,0,0,0,0,0,0,0,0,0,0,0,0,0,0,10,0,0,0,5,0,0,0,0,0,0,0,0,1880,1312,962,40,29
203,29.609536987,-94.3226270774,1,18,17,,1,1,0,0,0,0,0,0,0,0,0,0,0,0,0,0,0,0,0,0,0,0,0,0,0,0,0,0,0,0,0,0,0,9,0,0,0,1884,1244,934,38,29
210,29.78488088,-93.88030485,1,18,17,,1,6,0,0,0,9,0,0,0,0,0,0,5,0,0,0,8,0,0,0,0,0,0,2,0,0,0,0,7,0,0,0,0,0,4,0,0,1984,568,2347,18,71
215,29.81759119,-90.14472355,1,20,16,Density,1,0,0,0,0,0,0,0,0,0,0,0,0,0,0,0,0,0,0,0,0,0,0,0,0,0,0,0,0,0,0,0,0,0,0,0,0,2171,4942,4361,149,131
217,29.85454971,-90.52506513,1,20,16,,1,0,0,0,0,0,0,0,0,0,0,0,0,0,0,0,0,0,0,0,0,0,0,0,0,0,0,0,0,0,0,0,0,0,0,0,0,2188,4879,3131,147,94
178,29.053459203,-90.7198429676,2,20,17,Gradual,1,1,0,0,0,0,0,0,0,0,0,0,0,0,0,0,0,0,0,0,0,0,0,0,0,0,0,0,0,0,0,0,0,0,1,0,0,1713,2869,2669,87,81
179,29.092589923,-90.8568566055,2,20,17,Subtle,1,3,0,0,0,0,5,0,0,0,0,0,0,0,0,0,0,0,0,0,0,0,0,0,0,0,2,0,0,0,0,0,0,0,1,0,0,1722,2749,2217,83,67
180,29.09853429,-90.85929802,2,20,17,Subtle,1,3,0,0,0,0,0,0,0,0,0,0,0,0,0,0,0,0,0,0,0,0,0,0,0,0,2,0,0,10,0,0,0,0,1,0,0,1725,2728,2208,82,67
181,29.10676676,-90.85470794,2,20,17,,1,2,0,0,0,0,0,0,0,0,0,0,0,0,0,0,0,0,0,0,0,0,0,0,0,0,2,0,0,0,0,0,0,0,1,0,0,1729,2697,2221,81,67
182,29.107810974,-90.8504295758,2,20,17,,1,2,0,0,0,0,0,0,0,0,0,0,0,0,0,0,10,0,0,0,0,0,0,0,0,0,0,0,0,0,0,0,0,0,1,0,0,1730,2692,2235,81,68
184,29.10792765,-90.77631259,1,20,17,,1,2,0,0,0,0,0,0,0,0,0,0,0,0,0,0,5,0,8,0,0,0,0,0,0,0,0,0,0,0,0,0,0,0,0,0,0,1734,2678,2475,81,75
185,29.114502755,-90.8218165239,2,20,17,,1,2,0,0,0,0,0,0,0,0,0,0,0,0,0,0,0,0,0,0,0,0,0,0,0,0,2,0,0,0,0,0,0,0,1,0,0,1737,2662,2326,80,70
186,29.121094947,-90.7130203627,2,20,17,,1,2,0,0,0,0,0,0,0,0,0,0,0,0,0,0,0,0,0,0,0,0,0,0,0,0,0,0,0,0,9,0,0,0,1,0,0,1741,2619,2678,79,81
187,29.105422465,-90.3447366789,2,20,17,,1,1,0,0,0,0,0,0,0,0,0,0,0,0,0,0,10,0,0,0,0,0,0,0,0,0,0,0,0,0,0,0,0,0,0,0,0,1744,2608,3875,79,117
188,29.10538969,-90.2108962703,2,20,17,,1,2,0,0,0,0,0,0,0,0,0,0,0,0,0,0,0,0,0,11,0,0,0,0,0,0,2,0,0,0,0,0,0,0,0,0,0,1749,2582,4309,78,130
189,29.111927906,-90.1973740154,2,20,17,,1,2,0,0,0,0,0,0,0,8,0,0,0,0,0,0,0,0,0,0,0,0,0,0,10,0,0,0,0,0,0,0,0,0,0,0,0,1753,2555,4351,77,131
190,29.121993706,-90.1704542585,2,20,17,Subtle,1,2,0,0,0,0,0,0,0,0,0,0,0,0,0,0,0,0,0,0,0,0,0,0,0,0,0,0,0,8,0,0,0,0,1,0,0,1756,2512,4436,76,134
191,29.208226675,-91.0550798432,2,20,17,Subtle,1,2,0,0,0,0,0,0,0,0,0,0,0,0,0,0,5,0,0,0,0,0,0,0,0,0,0,0,0,0,0,0,0,0,1,0,0,1786,2357,1552,71,47
193,29.2161572,-90.91776156,1,20,17,,1,1,0,0,0,0,1,0,0,0,0,0,0,0,0,0,0,0,0,0,0,0,0,0,0,0,0,0,0,0,0,0,0,0,0,0,0,1794,2304,1995,70,60
197,29.343520149,-90.7642885531,1,20,17,,1,1,0,0,0,12,0,0,0,0,0,0,0,0,0,0,0,0,0,0,0,0,0,0,0,0,0,0,0,0,0,0,0,0,0,0,0,1835,1808,2466,55,74
198,29.33660092,-90.41832995,1,20,17,,1,1,0,0,0,0,0,0,0,0,0,0,0,0,0,0,0,0,0,0,0,0,0,0,0,8,0,0,0,0,0,0,0,0,0,0,0,1838,1770,3586,54,108
200,29.3543085,-90.44592474,1,20,17,,1,1,0,0,0,0,0,0,0,0,0,0,0,0,0,0,0,0,0,0,0,0,0,0,0,0,0,8,0,0,0,0,0,0,0,0,0,1845,1709,3493,52,105
201,29.39729248,-91.29022692,3,20,17,,1,0,0,0,0,0,0,0,0,0,0,0,0,0,0,0,0,0,0,0,0,0,0,0,0,0,0,0,0,0,0,0,0,0,0,0,0,1849,1698,756,51,23
204,29.502745421,-90.4567927355,1,20,17,Gradual,1,2,0,0,0,0,0,0,0,0,0,0,0,4,0,0,0,0,0,0,0,10,0,0,0,0,0,0,0,0,0,0,0,0,0,0,0,1888,1164,3426,35,103
205,29.6099966,-90.26360689,1,20,17,,1,2,0,0,0,0,1,0,0,0,0,0,0,0,0,0,0,0,0,0,0,0,0,0,0,0,0,0,0,0,0,0,0,0,1,0,0,1939,731,4025,22,121
211,29.69344723,-90.03868582,1,20,17,,1,0,0,0,0,0,0,0,0,0,0,0,0,0,0,0,0,0,0,0,0,0,0,0,0,0,0,0,0,0,0,0,0,0,0,0,0,2055,379,4731,12,142
213,29.797403583,-90.6131833099,1,20,17,Subtle,1,1,0,0,0,0,0,0,0,0,0,0,0,0,0,8,0,0,0,0,0,0,0,0,0,0,0,0,0,0,0,0,0,0,0,0,0,2136,106,2860,4,86
216,29.78773145,-89.57509974,1,21,16,,1,1,0,0,0,0,0,0,0,0,0,0,0,5,0,0,0,0,0,0,0,0,0,0,0,0,0,0,0,0,0,0,0,0,0,0,0,2173,4934,1199,149,36
218,29.862685971,-89.5477501614,1,21,16,Recovery,1,1,0,0,0,0,0,0,0,0,0,0,0,0,0,0,0,0,0,0,0,0,0,0,0,0,0,0,0,0,0,0,7,0,0,0,0,2254,4651,1268,140,39
194,29.20127582,-89.38433451,3,21,17,,1,0,0,0,0,0,0,0,0,0,0,0,0,0,0,0,0,0,0,0,0,0,0,0,0,0,0,0,0,0,0,0,0,0,0,0,0,1817,2053,1963,62,59
199,29.27486479,-89.20723477,1,21,17,,1,4,0,0,0,0,0,0,0,0,0,10,0,0,0,0,0,0,0,0,0,0,0,0,0,0,1,0,0,0,0,0,0,0,4,0,6,1842,1742,2516,53,76
232,30.42514769,-87.91426153,3,22,16,,1,0,0,0,0,0,0,0,0,0,0,0,0,0,0,0,0,0,0,0,0,0,0,0,0,0,0,0,0,0,0,0,0,0,0,0,0,2966,2176,1333,66,40
237,30.57921743,-87.20046345,1,22,16,,1,1,0,0,0,0,0,0,0,0,0,0,0,0,0,0,0,0,0,0,0,0,0,0,0,0,0,0,0,0,0,0,0,0,0,6,0,3076,1406,3552,43,107
231,30.2366407,-85.76161408,1,23,16,,1,0,0,0,0,0,0,0,0,0,0,0,0,0,0,0,0,0,0,0,0,0,0,0,0,0,0,0,0,0,0,0,0,0,0,0,0,2954,2207,3256,67,98
234,30.29031505,-85.7794974,1,23,16,,1,2,0,0,0,0,0,0,0,0,0,0,0,0,0,0,0,0,0,0,0,10,0,0,10,0,0,0,0,0,0,0,0,0,0,0,0,2991,2016,3177,61,96
235,30.39520274,-86.10685379,1,23,16,,1,6,0,0,0,0,0,0,0,0,0,9,0,0,0,0,0,8,0,0,0,0,0,0,0,11,0,8,0,0,0,0,0,9,0,0,10,3038,1741,2095,53,63
222,29.75498881,-84.96559635,1,24,16,Recovery,1,3,0,0,0,0,0,0,0,0,0,0,0,0,0,0,0,0,0,6,0,0,0,0,10,0,8,0,0,0,0,0,0,0,0,0,0,2569,3692,996,111,30
223,29.77374723,-85.13691219,1,24,16,,1,1,0,0,0,0,0,0,0,0,0,0,0,0,0,0,0,0,0,0,0,0,0,0,0,0,0,0,0,0,0,0,0,0,0,6,0,2571,3687,440,111,14
224,29.77539031,-84.92275612,1,24,16,,1,1,0,0,0,0,0,0,0,0,0,0,0,0,0,0,0,0,0,0,0,0,0,4,0,0,0,0,0,0,0,0,0,0,0,0,0,2608,3601,1125,109,34
225,29.78312126,-84.93684197,1,24,16,Recovery,1,3,0,0,0,0,0,0,0,0,0,0,0,0,0,0,0,0,2,0,0,0,0,4,0,0,0,0,0,0,0,0,2,0,0,0,0,2618,3578,1076,108,33
226,29.80713928,-85.11189144,1,24,16,Recovery,1,3,0,10,0,0,0,0,0,0,0,0,0,0,0,0,0,12,0,0,0,0,6,0,0,0,0,0,0,0,0,0,0,0,0,0,0,2628,3555,506,107,16
227,29.89724864,-84.4841901,3,24,16,,1,0,0,0,0,0,0,0,0,0,0,0,0,0,0,0,0,0,0,0,0,0,0,0,0,0,0,0,0,0,0,0,0,0,0,0,0,2795,2987,2473,90,75
229,30.0348631,-84.33526552,3,24,16,,1,0,0,0,0,0,0,0,0,0,0,0,0,0,0,0,0,0,0,0,0,0,0,0,0,0,0,0,0,0,0,0,0,0,0,0,0,2911,2423,2886,73,87
230,30.07237485,-84.3519744,1,24,16,,1,4,0,0,0,0,0,0,0,0,0,0,0,0,0,0,0,0,0,0,0,0,0,3,0,8,0,8,0,0,0,0,0,10,0,0,0,2934,2292,2816,69,85
233,30.10893865,-84.1813112,1,24,16,recovery,1,6,4,0,0,0,0,4,0,0,0,0,0,4,0,0,4,0,0,0,0,0,0,0,5,0,0,0,11,0,0,0,0,0,0,0,0,2982,2090,3343,63,101
214,29.171896243,-82.8123787156,1,25,16,Recovery,1,1,0,0,0,0,0,0,0,0,0,0,0,0,0,0,0,0,0,0,0,0,0,0,0,0,0,0,0,0,0,0,0,12,0,0,0,2170,4944,3176,149,96
221,29.43959655,-83.231829,1,25,16,,1,4,0,0,0,0,0,0,0,0,0,0,0,0,0,3,0,0,0,0,0,12,0,0,2,0,0,0,0,0,0,0,0,0,0,11,0,2417,4150,1695,125,51
228,29.8343741,-83.61187594,3,25,16,,1,0,0,0,0,0,0,0,0,0,0,0,0,0,0,0,0,0,0,0,0,0,0,0,0,0,0,0,0,0,0,0,0,0,0,0,0,2843,2865,287,86,9
169,27.82635853,-82.492345,2,25,17,,1,2,0,0,0,12,0,0,0,0,0,0,0,0,0,0,0,0,0,0,0,0,0,0,0,2,0,0,0,0,0,0,0,0,0,0,0,1598,4708,4907,142,148
172,28.036003465,-82.8168402419,2,25,17,,1,0,0,0,0,0,0,0,0,0,0,0,0,0,0,0,0,0,0,0,0,0,0,0,0,0,0,0,0,0,0,0,0,0,0,0,0,1645,4093,3741,123,113
176,28.208700735,-82.7681593849,2,25,17,recovery,1,1,0,0,0,0,1,0,0,0,0,0,0,0,0,0,0,0,0,0,0,0,0,0,0,0,0,0,0,0,0,0,0,0,0,0,0,1700,3442,3811,104,115
177,28.32845809,-82.71305248,1,25,17,,1,0,0,0,0,0,0,0,0,0,0,0,0,0,0,0,0,0,0,0,0,0,0,0,0,0,0,0,0,0,0,0,0,0,0,0,0,1706,2980,3929,90,118
183,28.406269152,-82.6930658183,2,25,17,,1,0,0,0,0,0,0,0,0,0,0,0,0,0,0,0,0,0,0,0,0,0,0,0,0,0,0,0,0,0,0,0,0,0,0,0,0,1733,2687,3954,81,119
192,28.5026153,-82.667111,1,25,17,,1,0,0,0,0,0,0,0,0,0,0,0,0,0,0,0,0,0,0,0,0,0,0,0,0,0,0,0,0,0,0,0,0,0,0,0,0,1792,2323,3988,70,120
195,28.61221051,-82.64784049,1,25,17,,1,1,0,0,0,0,0,0,0,0,0,0,0,0,0,0,5,0,0,0,0,0,0,0,0,0,0,0,0,0,0,0,0,0,0,0,0,1830,1914,3994,58,120
196,28.63140096,-82.65330997,1,25,17,,1,0,0,0,0,0,0,0,0,0,0,0,0,0,0,0,0,0,0,0,0,0,0,0,0,0,0,0,0,0,0,0,0,0,0,0,0,1832,1847,3966,56,119
158,27.28480572,-82.55258297,2,25,18,,1,0,0,0,0,0,0,0,0,0,0,0,0,0,0,0,0,0,0,0,0,0,0,0,0,0,0,0,0,0,0,0,0,0,0,0,0,1386,1707,4991,52,150
160,27.434012896,-82.6659775635,2,25,18,Landsat 8,1,1,0,0,0,0,0,0,0,0,0,0,0,0,0,0,0,0,0,0,0,0,0,0,0,0,0,0,0,7,0,0,0,0,0,0,0,1426,1217,4542,37,137
161,27.552139826,-82.614716823,2,25,18,,1,0,0,0,0,0,0,0,0,0,0,0,0,0,0,0,0,0,0,0,0,0,0,0,0,0,0,0,0,0,0,0,0,0,0,0,0,1497,763,4649,23,140
162,27.62035924,-82.72610136,2,25,18,,1,1,0,0,0,0,0,0,0,0,0,0,0,0,0,0,0,0,0,0,0,0,0,0,0,0,0,0,0,0,0,0,0,10,0,0,0,1518,566,4249,17,128
163,27.605109279,-82.576090163,2,25,18,,1,0,0,0,0,0,0,0,0,0,0,0,0,0,0,0,0,0,0,0,0,0,0,0,0,0,0,0,0,0,0,0,0,0,0,0,0,1521,552,4748,17,143
164,27.61333989,-82.56493233,2,25,18,,1,2,0,0,0,12,0,0,0,0,0,0,0,0,0,0,0,0,0,0,0,0,0,0,0,0,2,0,0,0,0,0,0,0,0,0,0,1527,517,4780,16,144
165,27.618271435,-82.5567194591,2,25,18,,1,1,0,0,0,12,0,0,0,0,0,0,0,0,0,0,0,0,0,0,0,0,0,0,0,0,0,0,0,0,0,0,0,0,0,0,0,1532,496,4805,15,145
166,27.67291805,-82.5298850672,2,25,18,recovery,1,2,0,0,0,12,0,0,0,0,0,0,0,0,0,0,0,0,0,0,0,0,0,0,0,2,0,0,0,0,0,0,0,0,0,0,0,1551,284,4864,9,146
167,27.70400888,-82.68690913,2,25,18,,1,0,0,0,0,0,0,0,0,0,0,0,0,0,0,0,0,0,0,0,0,0,0,0,0,0,0,0,0,0,0,0,0,0,0,0,0,1557,244,4335,8,131
255,31.92318094,-80.98085344,1,26,14,,1,0,0,0,0,0,0,0,0,0,0,0,0,0,0,0,0,0,0,0,0,0,0,0,0,0,0,0,0,0,0,0,0,0,0,0,0,3309,4004,2450,121,74
256,31.96232919,-80.96304357,1,26,14,,1,0,0,0,0,0,0,0,0,0,0,0,0,0,0,0,0,0,0,0,0,0,0,0,0,0,0,0,0,0,0,0,0,0,0,0,0,3319,3851,2483,116,75
257,31.9750647,-80.95083482,1,26,14,,1,0,0,0,0,0,0,0,0,0,0,0,0,0,0,0,0,0,0,0,0,0,0,0,0,0,0,0,0,0,0,0,0,0,0,0,0,3324,3799,2513,114,76
258,31.98107119,-80.96222539,1,26,14,,1,0,0,0,0,0,0,0,0,0,0,0,0,0,0,0,0,0,0,0,0,0,0,0,0,0,0,0,0,0,0,0,0,0,0,0,0,3326,3782,2474,114,75
259,31.98729569,-80.9471441,1,26,14,,1,0,0,0,0,0,0,0,0,0,0,0,0,0,0,0,0,0,0,0,0,0,0,0,0,0,0,0,0,0,0,0,0,0,0,0,0,3330,3752,2517,113,76
260,32.10339354,-80.90179557,1,26,14,,1,0,0,0,0,0,0,0,0,0,0,0,0,0,0,0,0,0,0,0,0,0,0,0,0,0,0,0,0,0,0,0,0,0,0,0,0,3344,3304,2589,100,78
261,32.16974115,-80.78587972,1,26,14,,1,0,0,0,0,0,0,0,0,0,0,0,0,0,0,0,0,0,0,0,0,0,0,0,0,0,0,0,0,0,0,0,0,0,0,0,0,3353,3003,2908,91,88
262,32.18427468,-80.79786061,1,26,14,,1,0,0,0,0,0,0,0,0,0,0,0,0,0,0,0,0,0,0,0,0,0,0,0,0,0,0,0,0,0,0,0,0,0,0,0,0,3362,2955,2863,89,86
263,32.18076328,-80.76835519,1,26,14,,1,0,0,0,0,0,0,0,0,0,0,0,0,0,0,0,0,0,0,0,0,0,0,0,0,0,0,0,0,0,0,0,0,0,0,0,0,3363,2954,2956,89,89
264,32.20411522,-80.84128695,1,26,14,,1,0,0,0,0,0,0,0,0,0,0,0,0,0,0,0,0,0,0,0,0,0,0,0,0,0,0,0,0,0,0,0,0,0,0,0,0,3370,2904,2717,88,82
265,32.30027855,-80.55438669,1,26,14,,1,0,0,0,0,0,0,0,0,0,0,0,0,0,0,0,0,0,0,0,0,0,0,0,0,0,0,0,0,0,0,0,0,0,0,0,0,3383,2408,3545,73,107
266,32.35219285,-80.71147311,1,26,14,,1,0,0,0,0,0,0,0,0,0,0,0,0,0,0,0,0,0,0,0,0,0,0,0,0,0,0,0,0,0,0,0,0,0,0,0,0,3387,2296,3030,69,91
267,32.37766011,-80.83404158,1,26,14,,1,0,0,0,0,0,0,0,0,0,0,0,0,0,0,0,0,0,0,0,0,0,0,0,0,0,0,0,0,0,0,0,0,0,0,0,0,3394,2264,2637,68,80
268,32.34744586,-80.55384765,3,26,14,,1,0,0,0,0,0,0,0,0,0,0,0,0,0,0,0,0,0,0,0,0,0,0,0,0,0,0,0,0,0,0,0,0,0,0,0,0,3403,2235,3518,68,106
269,32.37383616,-80.5251802,3,26,14,,1,0,0,0,0,0,0,0,0,0,0,0,0,0,0,0,0,0,0,0,0,0,0,0,0,0,0,0,0,0,0,0,0,0,0,0,0,3424,2123,3590,64,108
270,32.57163773,-80.67251253,1,26,14,,1,0,0,0,0,0,0,0,0,0,0,0,0,0,0,0,0,0,0,0,0,0,0,0,0,0,0,0,0,0,0,0,0,0,0,0,0,3472,1472,3019,45,91
271,32.65465156,-80.68170296,1,26,14,,1,0,0,0,0,0,0,0,0,0,0,0,0,0,0,0,0,0,0,0,0,0,0,0,0,0,0,0,0,0,0,0,0,0,0,0,0,3517,1172,2941,36,89
272,32.58862228,-80.19959019,1,26,14,,1,0,0,0,0,0,0,0,0,0,0,0,0,0,0,0,0,0,0,0,0,0,0,0,0,0,0,0,0,0,0,0,0,0,0,0,0,3518,1170,4460,36,134
273,32.67430728,-80.74197246,1,26,14,,1,2,0,0,0,0,0,0,0,0,0,0,0,0,0,0,0,0,6,0,0,0,0,0,0,0,0,6,0,0,0,0,0,0,0,0,0,3523,1130,2744,34,83
274,32.64914846,-80.34677817,1,26,14,Gradual,1,0,0,0,0,0,0,0,0,0,0,0,0,0,0,0,0,0,0,0,0,0,0,0,0,0,0,0,0,0,0,0,0,0,0,0,0,3541,1023,3972,31,120
239,30.82220069,-81.47298055,1,26,15,,1,0,0,0,0,0,0,0,0,0,0,0,0,0,0,0,0,0,0,0,0,0,0,0,0,0,0,0,0,0,0,0,0,0,0,0,0,3156,3279,1547,99,47
240,30.86884657,-81.47512631,1,26,15,,1,0,0,0,0,0,0,0,0,0,0,0,0,0,0,0,0,0,0,0,0,0,0,0,0,0,0,0,0,0,0,0,0,0,0,0,0,3165,3110,1514,94,46
241,30.90081499,-81.4938374,1,26,15,,1,0,0,0,0,0,0,0,0,0,0,0,0,0,0,0,0,0,0,0,0,0,0,0,0,0,0,0,0,0,0,0,0,0,0,0,0,3169,3001,1437,91,44
242,30.94661288,-81.49701314,1,26,15,,1,1,0,0,0,0,0,0,0,2,0,0,0,0,0,0,0,0,0,0,0,0,0,0,0,0,0,0,0,0,0,0,0,0,0,0,0,3178,2835,1401,86,43
243,30.95515154,-81.51023106,1,26,15,,1,0,0,0,0,0,0,0,0,0,0,0,0,0,0,0,0,0,0,0,0,0,0,0,0,0,0,0,0,0,0,0,0,0,0,0,0,3180,2810,1355,85,41
244,30.9525753,-81.48216443,1,26,15,,1,0,0,0,0,0,0,0,0,0,0,0,0,0,0,0,0,0,0,0,0,0,0,0,0,0,0,0,0,0,0,0,0,0,0,0,0,3181,2806,1444,85,44
245,31.02461017,-81.45907597,1,26,15,,1,0,0,0,0,0,0,0,0,0,0,0,0,0,0,0,0,0,0,0,0,0,0,0,0,0,0,0,0,0,0,0,0,0,0,0,0,3188,2531,1476,76,45
246,31.04027552,-81.43504338,1,26,15,,1,0,0,0,0,0,0,0,0,0,0,0,0,0,0,0,0,0,0,0,0,0,0,0,0,0,0,0,0,0,0,0,0,0,0,0,0,3190,2462,1543,74,47
247,31.0770385,-81.46705823,1,26,15,,1,0,0,0,0,0,0,0,0,0,0,0,0,0,0,0,0,0,0,0,0,0,0,0,0,0,0,0,0,0,0,0,0,0,0,0,0,3197,2343,1421,71,43
248,31.14981617,-81.46370696,1,26,15,,1,0,0,0,0,0,0,0,0,0,0,0,0,0,0,0,0,0,0,0,0,0,0,0,0,0,0,0,0,0,0,0,0,0,0,0,0,3208,2075,1391,63,42
249,31.27771937,-81.32124086,1,26,15,,1,0,0,0,0,0,0,0,0,0,0,0,0,0,0,0,0,0,0,0,0,0,0,0,0,0,0,0,0,0,0,0,0,0,0,0,0,3226,1537,1764,47,53
250,31.2812101,-81.30904006,1,26,15,,1,2,0,0,0,0,0,0,0,0,0,0,0,0,0,0,0,0,0,0,0,0,6,0,0,0,0,0,11,0,0,0,0,0,0,0,0,3228,1518,1800,46,54
251,31.28997595,-81.33369671,1,26,15,,1,1,0,0,0,0,0,0,0,0,0,0,0,0,0,0,0,0,0,0,0,3,0,0,0,0,0,0,0,0,0,0,0,0,0,0,0,3230,1498,1718,45,52
252,31.29705311,-81.36637496,1,26,15,,1,0,0,0,0,0,0,0,0,0,0,0,0,0,0,0,0,0,0,0,0,0,0,0,0,0,0,0,0,0,0,0,0,0,0,0,0,3231,1488,1612,45,49
253,31.39776985,-81.31916808,1,26,15,,1,0,0,0,0,0,0,0,0,0,0,0,0,0,0,0,0,0,0,0,0,0,0,0,0,0,0,0,0,0,0,0,0,0,0,0,0,3248,1096,1702,33,52
254,31.41198172,-81.37221145,1,26,15,,1,1,0,0,0,0,0,0,0,0,0,0,0,0,0,0,0,0,0,0,0,0,0,0,0,0,0,0,0,8,0,0,0,0,0,0,0,3249,1069,1528,33,46
236,29.912629,-81.30752124,1,26,16,,1,0,0,0,0,0,0,0,0,0,0,0,0,0,0,0,0,0,0,0,0,0,0,0,0,0,0,0,0,0,0,0,0,0,0,0,0,3067,1526,2585,46,78
238,30.08805581,-81.37115213,1,26,16,,1,0,0,0,0,0,0,0,0,0,0,0,0,0,0,0,0,0,0,0,0,0,0,0,0,0,0,0,0,0,0,0,0,0,0,0,0,3115,916,2284,28,69
168,27.750270162,-82.4531739506,2,26,17,,1,1,0,0,0,12,0,0,0,0,0,0,0,0,0,0,0,0,0,0,0,0,0,0,0,0,0,0,0,0,0,0,0,0,0,0,0,1576,4967,75,149,3
128,26.477437517,-82.1340016167,2,26,18,,1,1,0,0,0,0,0,0,0,0,0,0,0,0,0,0,0,0,0,0,9,0,0,0,0,0,0,0,0,0,0,0,0,0,0,0,0,1015,4439,1796,134,54
129,26.454233488,-81.8862693432,2,26,18,,1,2,0,0,0,0,4,0,0,0,0,0,0,1,0,0,0,0,0,0,0,0,0,0,0,0,0,0,0,0,0,0,0,0,0,0,0,1022,4401,2630,133,79
130,26.49860039,-82.17931835,2,26,18,,1,1,0,0,0,0,0,0,0,0,0,0,0,0,0,0,0,0,0,0,8,0,0,0,0,0,0,0,0,0,0,0,0,0,0,0,0,1029,4384,1635,132,50
132,26.47636287,-81.95990493,2,26,18,,1,0,0,0,0,0,0,0,0,0,0,0,0,0,0,0,0,0,0,0,0,0,0,0,0,0,0,0,0,0,0,0,0,0,0,0,0,1042,4358,2374,131,72
133,26.51201822,-82.18228783,2,26,18,,1,1,0,0,0,0,0,0,0,0,0,0,0,0,0,0,0,0,0,0,8,0,0,0,0,0,0,0,0,0,0,0,0,0,0,0,0,1049,4337,1618,131,49
134,26.511833009,-82.0957041676,2,26,18,,1,1,0,0,0,0,0,0,0,0,0,0,0,0,0,0,0,0,0,0,8,0,0,0,0,0,0,0,0,0,0,0,0,0,0,0,0,1076,4296,1905,129,58
136,26.516378534,-82.1067563103,2,26,18,,1,1,0,0,0,0,0,0,0,0,0,12,0,0,0,0,0,0,0,0,8,0,0,0,0,0,0,0,0,0,0,0,0,0,0,0,0,1083,4285,1866,129,56
137,26.515977527,-82.005989743,2,26,18,,1,1,0,0,0,0,0,0,0,0,0,0,0,0,0,0,0,0,0,0,0,0,4,0,0,0,0,0,0,0,0,0,0,0,0,0,0,1097,4237,2200,128,66
138,26.56448363,-82.05692605,2,26,18,,1,2,0,0,0,0,4,0,0,0,0,0,0,1,0,0,0,0,0,0,0,0,0,0,0,0,0,0,0,0,0,0,0,0,0,0,0,1129,4086,2005,123,61
139,26.581226933,-82.0712674482,2,26,18,,1,0,0,0,0,0,0,0,0,0,0,0,0,0,0,0,0,0,0,0,0,0,0,0,0,0,0,0,0,0,0,0,0,0,0,0,0,1137,4032,1949,121,59
140,26.654227496,-82.1450468089,2,26,18,,1,1,0,0,0,0,0,0,0,0,0,0,0,0,0,0,0,0,0,0,8,0,0,0,0,0,0,0,0,0,0,0,0,0,0,0,0,1193,3803,1666,115,50
141,26.683064503,-82.0765951496,2,26,18,,1,1,0,0,0,0,4,0,0,0,0,0,0,0,0,0,0,0,0,0,0,0,0,0,0,0,0,0,0,0,0,0,0,0,0,0,0,1204,3665,1877,110,57
142,26.821582019,-82.2426074819,2,26,18,,1,0,0,0,0,0,0,0,0,0,0,0,0,0,0,0,0,0,0,0,0,0,0,0,0,0,0,0,0,0,0,0,0,0,0,0,0,1233,3243,1254,98,38
143,26.823797543,-82.0470439875,2,26,18,,1,3,0,0,0,0,4,0,0,0,0,12,0,0,0,0,0,2,0,0,0,0,0,0,0,0,1,0,0,0,0,0,0,0,0,0,0,1247,3140,1899,95,57
144,26.84880037,-82.15798266,2,26,18,,1,1,0,0,0,0,0,0,0,0,0,0,0,0,0,0,0,0,0,0,8,0,0,0,0,0,0,0,0,0,0,0,0,0,0,0,0,1249,3103,1519,94,46
145,26.83678042,-82.05239689,2,26,18,,1,3,0,0,0,0,4,0,0,0,0,0,0,1,0,0,0,0,0,0,9,0,0,0,0,0,0,0,0,0,0,0,0,0,0,0,0,1250,3096,1874,93,57
146,26.855538073,-82.1625666186,2,26,18,,1,2,0,0,0,0,0,0,0,0,0,0,0,1,0,0,0,0,0,0,8,0,0,0,0,0,0,0,0,0,0,0,0,0,0,0,0,1251,3081,1501,93,46
147,26.875870415,-82.0511093515,2,26,18,,1,0,0,0,0,0,4,0,0,0,0,0,0,0,0,0,0,0,0,0,7,0,0,0,0,0,0,0,0,0,0,0,0,0,0,0,0,1260,2953,1857,89,56
148,26.902086335,-82.0908368861,2,26,18,,1,1,0,0,0,0,0,0,0,0,0,0,0,0,0,0,0,0,0,0,8,0,0,0,0,0,0,0,0,0,0,0,0,0,0,0,0,1264,2877,1712,87,52
149,26.928573689,-82.1385811129,2,26,18,,1,1,0,0,0,0,0,0,0,0,0,0,0,0,0,0,0,0,0,0,9,0,0,0,0,0,0,0,0,0,0,0,0,0,0,0,0,1269,2804,1541,85,47
152,26.92129071,-81.8694986108,1,26,18,,1,0,0,0,0,0,0,0,0,0,0,0,0,0,0,0,0,0,0,0,0,0,0,0,0,0,0,0,0,0,0,0,0,0,0,0,0,1284,2699,2432,81,73
89,25.71477071,-81.3201264918,2,26,19,,1,3,0,0,0,0,0,0,9,0,0,0,0,0,0,0,0,0,0,0,0,11,0,0,0,0,0,0,0,0,0,0,0,9,0,0,0,621,1790,4921,54,148
93,25.72339461,-81.29533389,2,26,19,,1,3,0,0,0,0,0,0,9,0,0,0,0,0,0,0,0,0,0,0,0,11,0,0,0,0,0,0,0,0,0,0,0,9,0,0,0,632,1746,4999,53,150
95,25.748187212,-81.3441119961,2,26,19,,1,3,0,0,0,0,0,0,9,0,0,0,0,0,0,0,0,0,0,0,0,11,0,0,0,0,0,0,0,0,0,0,0,9,0,0,0,641,1681,4822,51,145
96,25.75330626,-81.33009704,2,26,19,,1,3,0,0,0,0,0,0,10,0,0,0,0,0,0,0,0,0,0,0,0,11,0,0,0,0,0,0,0,0,0,0,0,9,0,0,0,642,1656,4866,50,146
101,25.79184627,-81.32632464,2,26,19,,1,4,0,0,0,0,0,0,9,0,0,0,0,1,0,0,0,0,0,0,0,11,0,0,0,0,0,0,0,0,0,0,0,9,0,0,0,668,1515,4857,46,146
104,25.798583972,-81.2996458402,2,26,19,,1,3,0,0,0,0,0,0,9,0,0,0,0,0,0,0,0,0,0,0,0,11,0,0,0,0,0,0,0,0,0,0,0,0,0,0,0,682,1476,4942,45,149
105,25.818792618,-81.3985487028,2,26,19,,1,3,0,0,0,0,0,0,9,0,0,0,0,0,0,0,0,0,0,0,0,11,0,0,0,0,0,0,0,0,0,0,0,12,0,0,0,688,1455,4601,44,139
106,25.839398848,-81.5008667189,2,26,19,,1,2,0,0,0,0,0,0,0,0,0,0,0,0,0,0,0,0,0,0,0,11,0,0,0,0,0,0,0,0,0,0,0,9,0,0,0,692,1433,4248,43,128
111,25.87350133,-81.5262885707,2,26,19,,1,2,0,0,0,0,0,0,0,0,0,0,0,0,0,0,0,0,0,0,0,11,0,0,0,0,0,0,0,0,0,0,0,9,0,0,0,720,1322,4145,40,125
112,25.886704728,-81.5540464749,2,26,19,,1,1,0,0,0,0,0,0,0,0,0,0,0,0,0,0,0,0,0,0,0,0,0,0,0,0,0,0,0,0,0,0,0,9,0,0,0,734,1289,4045,39,122
113,25.87835283,-81.45837646,2,26,19,recovery,1,3,0,0,0,0,0,0,6,0,0,0,0,0,0,0,0,0,0,0,0,11,0,0,0,0,0,0,0,0,0,0,0,9,0,0,0,743,1270,4368,39,132
114,25.947611589,-81.667503841,2,26,19,,1,2,0,0,0,0,0,0,0,0,0,0,0,0,0,0,0,0,0,0,0,10,0,0,0,0,0,0,0,0,0,0,0,9,0,0,0,767,1126,3633,34,109
115,25.93737349,-81.55458603,2,26,19,,1,2,0,0,0,0,0,0,0,0,0,0,0,0,0,0,0,0,0,0,0,11,0,0,0,0,0,0,0,0,0,0,0,10,0,0,0,770,1106,4015,34,121
116,25.93521529,-81.52790722,2,26,19,,1,4,0,0,0,0,4,0,0,0,0,0,2,0,0,0,0,0,0,0,0,0,0,0,0,0,2,0,0,0,0,0,0,9,0,0,0,771,1100,4105,33,124
118,25.977527698,-81.6445974391,2,26,19,,1,4,0,0,0,0,0,0,0,0,0,0,0,1,0,0,11,0,0,0,0,0,1,0,0,0,0,2,0,0,0,0,0,0,0,0,0,792,1006,3693,31,111
119,26.031424852,-81.7130490995,2,26,19,,1,1,0,0,0,0,0,0,0,0,0,0,0,1,0,0,0,0,0,0,0,0,0,0,0,0,0,0,0,0,0,0,0,0,0,0,0,813,846,3435,26,104
120,26.03600881,-81.7273316,2,26,19,,1,1,0,0,0,0,0,0,0,0,0,0,0,1,0,0,0,0,0,0,0,0,0,0,0,0,0,0,0,0,0,0,0,0,0,0,0,815,837,3385,26,102
121,26.07858877,-81.77584216,2,26,19,,1,2,0,0,0,0,0,0,0,0,0,0,0,1,0,0,0,0,0,0,0,0,0,0,0,0,1,0,0,0,0,0,0,0,0,0,0,831,707,3201,22,97
122,26.08559401,-81.79201086,2,26,19,,1,0,0,0,0,0,0,0,0,0,0,0,0,0,0,0,0,0,0,0,0,0,0,0,0,0,0,0,0,0,0,0,0,0,0,0,0,833,690,3143,21,95
123,26.091367779,-81.7755297945,2,26,19,,1,1,0,0,0,0,0,0,0,0,0,0,0,1,0,0,0,0,0,0,0,0,0,0,0,0,0,0,0,0,0,0,0,0,0,0,0,838,660,3195,20,96
404,38.132853,-77.07517401,1,27,9,,1,0,0,0,0,0,0,0,0,0,0,0,0,0,0,0,0,0,0,0,0,0,0,0,0,0,0,0,0,0,0,0,0,0,0,0,0,6140,4135,4930,125,148
350,37.39210916,-77.31684388,3,27,10,,1,0,0,0,0,0,0,0,0,0,0,0,0,0,0,0,0,0,0,0,0,0,0,0,0,0,0,0,0,0,0,0,0,0,0,0,0,5396,1986,4785,60,144
351,37.39171635,-77.30336978,3,27,10,,1,0,0,0,0,0,0,0,0,0,0,0,0,0,0,0,0,0,0,0,0,0,0,0,0,0,0,0,0,0,0,0,0,0,0,0,0,5401,1980,4824,60,145
353,37.39806293,-77.30056819,3,27,10,,1,0,0,0,0,0,0,0,0,0,0,0,0,0,0,0,0,0,0,0,0,0,0,0,0,0,0,0,0,0,0,0,0,0,0,0,0,5419,1955,4827,59,145
276,32.8916799,-79.70539521,1,27,13,,1,0,0,0,0,0,0,0,0,0,0,0,0,0,0,0,0,0,0,0,0,0,0,0,0,0,0,0,0,0,0,0,0,0,0,0,0,3576,4801,784,145,24
277,32.89721124,-79.67903986,1,27,13,,1,0,0,0,0,0,0,0,0,0,0,0,0,0,0,0,0,0,0,0,0,0,0,0,0,0,0,0,0,0,0,0,0,0,0,0,0,3578,4766,861,143,26
278,32.89608129,-79.63385063,1,27,13,,1,0,0,0,0,0,0,0,0,0,0,0,0,0,0,0,0,0,0,0,0,0,0,0,0,0,0,0,0,0,0,0,0,0,0,0,0,3581,4747,1000,143,30
279,32.95268828,-79.59257022,3,27,13,,1,0,0,0,0,0,0,0,0,0,0,0,0,0,0,0,0,0,0,0,0,0,0,0,0,0,0,0,0,0,0,0,0,0,0,0,0,3595,4517,1090,136,33
280,32.96079996,-79.58228013,3,27,13,,1,0,0,0,0,0,0,0,0,0,0,0,0,0,0,0,0,0,0,0,0,0,0,0,0,0,0,0,0,0,0,0,0,0,0,0,0,3597,4482,1116,135,34
281,32.98632839,-79.55573719,3,27,13,Subtle,1,1,0,0,0,0,0,0,0,0,0,0,0,0,0,0,0,0,0,0,0,0,0,0,0,0,0,0,0,0,0,0,0,0,1,0,0,3602,4374,1181,132,36
282,33.03181894,-79.36601291,1,27,13,,1,0,0,0,0,0,0,0,0,0,0,0,0,0,0,0,0,0,0,0,0,0,0,0,0,0,0,0,0,0,0,0,0,0,0,0,0,3616,4106,1730,124,52
283,33.04505816,-79.44386134,1,27,13,,1,0,0,0,0,0,0,0,0,0,0,0,0,0,0,0,0,0,0,0,0,0,0,0,0,0,0,0,0,0,0,0,0,0,0,0,0,3618,4099,1484,123,45
284,33.06131666,-79.4624866,1,27,13,,1,0,0,0,0,0,0,0,0,0,0,0,0,0,0,0,0,0,0,0,0,0,0,0,0,0,0,0,0,0,0,0,0,0,0,0,0,3620,4050,1417,122,43
285,33.06842904,-79.38992225,1,27,13,,1,0,0,0,0,0,0,0,0,0,0,0,0,0,0,0,0,0,0,0,0,0,0,0,0,0,0,0,0,0,0,0,0,0,0,0,0,3625,3985,1633,120,49
286,33.08176255,-79.3648634,1,27,13,,1,0,0,0,0,0,0,0,0,0,0,0,0,0,0,0,0,0,0,0,0,0,0,0,0,0,0,0,0,0,0,0,0,0,0,0,0,3634,3922,1701,118,52
287,33.2064617,-79.42134171,1,27,13,,1,0,0,0,0,0,0,0,0,0,0,0,0,0,0,0,0,0,0,0,0,0,0,0,0,0,0,0,0,0,0,0,0,0,0,0,0,3665,3496,1448,105,44
291,33.32885033,-79.19500701,1,27,13,,1,0,0,0,0,0,0,0,0,0,0,0,0,0,0,0,0,0,0,0,0,0,0,0,0,0,0,0,0,0,0,0,0,0,0,0,0,3762,2925,2056,88,62
292,33.34477499,-79.1922353,1,27,13,,1,0,0,0,0,0,0,0,0,0,0,0,0,0,0,0,0,0,0,0,0,0,0,0,0,0,0,0,0,0,0,0,0,0,0,0,0,3771,2865,2054,86,62
293,33.35177475,-79.16042204,1,27,13,,1,0,0,0,0,0,0,0,0,0,0,0,0,0,0,0,0,0,0,0,0,0,0,0,0,0,0,0,0,0,0,0,0,0,0,0,0,3776,2823,2146,85,65
300,33.86806252,-78.52932688,1,27,13,,1,0,0,0,0,0,0,0,0,0,0,0,0,0,0,0,0,0,0,0,0,0,0,0,0,0,0,0,0,0,0,0,0,0,0,0,0,3944,583,3708,18,112
301,33.87107939,-78.53159629,1,27,13,,1,0,0,0,0,0,0,0,0,0,0,0,0,0,0,0,0,0,0,0,0,0,0,0,0,0,0,0,0,0,0,0,0,0,0,0,0,3945,574,3699,18,111
302,33.87363167,-78.520896,1,27,13,,1,0,0,0,0,0,0,0,0,0,0,0,0,0,0,0,0,0,0,0,0,0,0,0,0,0,0,0,0,0,0,0,0,0,0,0,0,3948,558,3730,17,112
303,33.91207929,-78.38682736,1,27,13,,1,0,0,0,0,0,0,0,0,0,0,0,0,0,0,0,0,0,0,0,0,0,0,0,0,0,0,0,0,0,0,0,0,0,0,0,0,3985,342,4107,11,124
305,33.97014027,-78.38286893,1,27,13,,1,0,0,0,0,0,0,0,0,0,0,0,0,0,0,0,0,0,0,0,0,0,0,0,0,0,0,0,0,0,0,0,0,0,0,0,0,4054,127,4079,4,123
306,33.96942812,-78.3709178,1,27,13,,1,0,0,0,0,0,0,0,0,0,0,0,0,0,0,0,0,0,0,0,0,0,0,0,0,0,0,0,0,0,0,0,0,0,0,0,0,4057,123,4115,4,124
275,32.83299393,-79.73723839,1,27,14,,1,0,0,0,0,0,0,0,0,0,0,0,0,0,0,0,0,0,0,0,0,0,0,0,0,0,0,0,0,0,0,0,0,0,0,0,0,3570,33,724,1,22
170,27.54431155,-80.33387829,2,27,17,,1,1,0,0,0,0,0,0,0,0,0,0,0,0,0,0,0,0,0,0,9,0,0,0,0,0,0,0,0,0,0,0,0,0,0,0,0,1603,4643,2110,140,64
171,27.68023456,-80.37794794,2,27,17,recovery,1,2,0,0,0,0,6,0,0,0,0,0,0,0,0,0,0,0,0,0,9,0,0,0,0,0,0,0,0,0,0,0,0,0,0,0,0,1640,4174,1884,126,57
173,27.72603454,-80.39872425,2,27,17,Subtle,1,2,0,0,0,8,0,0,0,0,0,0,0,0,0,0,0,0,0,0,9,0,0,0,0,0,0,0,0,0,0,0,0,0,0,0,0,1660,4019,1789,121,54
174,27.84980306,-80.44485811,2,27,17,recovery,1,2,0,0,0,8,0,0,0,0,0,0,0,0,0,0,0,0,0,0,9,0,0,0,0,0,0,0,0,0,0,0,0,0,0,0,0,1684,3594,1565,108,47
175,27.850852462,-80.4486314901,2,27,17,recovery,1,2,0,0,0,12,0,0,0,0,0,0,0,0,0,0,0,0,0,0,9,0,0,0,0,0,0,0,0,0,0,0,0,0,0,0,0,1685,3593,1552,108,47
159,26.985034103,-80.1446758889,2,27,18,,1,1,0,0,0,12,0,0,0,0,0,0,0,0,0,0,0,0,0,0,0,0,0,0,0,0,0,0,0,0,0,0,0,0,0,0,0,1399,1566,3069,47,93
1,25.563634614,-81.214101955,2,27,19,,1,3,0,0,0,12,0,0,0,0,0,0,0,0,0,0,0,0,0,0,0,11,0,0,0,0,0,0,0,0,0,0,0,9,0,0,0,1,2280,361,69,11
2,25.322475777,-81.1442839595,2,27,19,,1,2,0,0,0,0,0,0,0,0,0,0,0,0,0,0,0,0,0,0,0,11,0,0,0,0,0,0,0,0,0,0,0,11,0,0,0,4,3114,731,94,22
3,25.56927823,-81.19366459,2,27,19,,1,4,0,0,0,12,0,0,0,0,0,0,0,2,0,0,0,0,0,0,0,9,0,0,0,0,0,0,0,0,0,0,0,11,0,0,0,5,2249,426,68,13
4,25.587760105,-81.1810059111,2,27,19,,1,3,0,0,0,12,0,0,0,0,0,0,0,0,0,0,0,0,0,0,0,11,0,0,0,0,0,0,0,0,0,0,0,9,0,0,0,7,2176,458,66,14
5,25.357690769,-81.000730776,2,27,19,,1,4,0,0,0,12,0,0,0,0,0,0,0,3,0,0,0,0,0,0,0,11,0,0,0,0,2,0,0,0,0,0,0,9,0,0,0,13,2911,1192,88,36
10,24.878883065,-80.7003737478,2,27,19,,1,2,0,0,0,0,0,4,0,0,0,0,0,0,0,0,0,0,0,0,0,11,0,0,0,0,0,0,0,0,0,0,0,9,0,0,0,65,4474,2478,135,75
11,24.944666859,-80.6212474299,2,27,19,gradual change,1,3,0,0,0,0,0,0,0,0,0,0,0,0,0,0,0,0,0,0,0,11,0,0,0,0,0,0,0,0,0,11,0,9,0,0,0,129,4193,2706,126,82
12,24.95334094,-80.58061061,2,27,19,,1,2,0,0,0,0,0,0,0,0,0,0,0,0,0,0,0,0,0,0,0,11,0,0,0,0,0,0,0,0,0,0,0,10,0,0,0,147,4140,2838,125,86
13,24.9574653,-80.5961949268,2,27,19,,1,1,0,0,0,0,0,0,0,0,0,0,0,0,0,0,0,0,0,0,0,0,0,0,0,0,0,0,0,0,0,0,0,9,0,0,0,148,4134,2783,124,84
14,24.964311211,-80.5813718115,2,27,19,,1,2,0,0,0,0,0,4,0,0,0,0,0,0,0,0,0,0,0,0,0,11,0,0,0,0,0,0,0,0,0,0,0,10,0,0,0,154,4101,2829,124,85
15,25.002669034,-80.5579442276,2,27,19,gradual change,1,2,0,0,0,0,0,0,0,0,0,0,0,0,0,0,0,0,0,0,0,11,0,0,0,0,0,0,0,0,0,0,0,9,0,0,0,187,3950,2885,119,87
16,25.015029878,-80.5328565296,2,27,19,,1,1,0,0,0,0,0,4,0,0,0,0,0,0,0,0,0,0,0,0,0,0,0,0,0,0,0,0,0,0,0,0,0,9,0,0,0,199,3891,2962,117,89
17,25.0148332,-80.52425717,2,27,19,Landsat 8,1,0,0,0,0,0,0,0,0,0,0,0,0,0,0,0,0,0,0,0,0,0,0,0,0,0,0,0,0,0,0,0,0,0,0,0,0,201,3887,2991,117,90
18,25.0291264,-80.51382093,2,27,19,Landsat 8,1,1,0,0,0,0,0,0,0,0,0,0,0,0,0,0,0,0,0,0,0,0,0,0,0,0,0,0,0,0,0,0,0,9,0,0,0,209,3830,3017,115,91
19,25.033754501,-80.5022114222,2,27,19,,1,1,0,0,0,0,0,0,0,0,0,0,0,0,0,0,0,0,0,0,0,11,0,0,0,0,0,0,0,0,0,0,0,0,0,0,0,218,3807,3054,115,92
20,25.135595235,-81.0769408372,2,27,19,,1,2,0,0,0,0,0,0,0,3,0,0,0,0,0,0,0,0,0,0,0,11,0,0,0,0,0,0,0,0,0,0,0,10,0,0,0,223,3752,1064,113,32
21,25.05030553,-80.4562437,2,27,19,Landsat 8,1,0,0,0,0,0,0,0,0,0,0,0,0,0,0,0,0,0,0,0,0,0,0,0,0,0,0,0,0,0,0,0,0,0,0,0,0,228,3722,3198,112,96
22,25.152990437,-81.1115740837,2,27,19,,1,2,0,0,0,0,0,0,0,0,0,0,0,0,0,0,0,0,0,0,0,11,0,0,0,0,0,0,0,0,0,0,0,9,0,0,0,231,3708,937,112,29
23,25.154077179,-81.0713980718,2,27,19,,1,2,0,0,0,0,0,0,0,0,0,0,0,0,0,0,0,0,0,0,0,11,0,0,0,0,0,0,0,0,0,0,0,11,0,0,0,241,3682,1072,111,33
24,25.14928365,-80.998292724,2,27,19,,1,2,0,0,0,0,0,0,0,0,0,0,0,0,0,0,0,0,0,0,0,9,0,0,0,0,0,0,0,0,0,0,0,11,0,0,0,247,3661,1320,110,40
25,25.171482333,-81.102198015,2,27,19,,1,2,0,0,0,0,0,0,0,0,0,0,0,0,0,0,0,0,0,0,0,9,0,0,0,0,0,0,0,0,0,0,0,11,0,0,0,252,3636,958,110,29
26,25.17507573,-81.12119196,2,27,19,,1,0,0,0,0,0,0,0,0,0,0,0,0,0,0,0,0,0,0,0,0,0,0,0,0,0,0,0,0,0,0,0,0,0,0,0,0,254,3633,893,109,27
27,25.178530431,-81.111812296,2,27,19,,1,2,0,0,0,0,0,0,0,0,0,0,0,0,0,0,0,0,0,0,0,11,0,0,0,0,0,0,0,0,0,0,0,10,0,0,0,260,3616,922,109,28
28,25.183865679,-81.0897069045,2,27,19,recovery,1,2,0,0,0,0,0,0,0,0,0,0,0,0,0,0,0,0,0,0,0,9,0,0,0,0,0,0,0,0,0,0,0,9,0,0,0,270,3585,993,108,30
29,25.164459671,-80.9164217784,2,27,19,,1,2,0,0,0,0,0,0,0,0,0,0,0,0,0,0,0,0,0,0,0,11,0,0,0,0,0,0,0,0,0,0,0,9,0,0,0,280,3562,1586,107,48
30,25.202999681,-81.124474516,2,27,19,,1,3,0,0,0,12,0,0,0,0,0,0,0,0,0,0,0,0,0,0,0,10,0,0,0,0,0,0,0,0,0,0,0,8,0,0,0,287,3534,866,107,26
31,25.212210288,-81.1545465257,2,27,19,,1,2,0,0,0,0,0,0,0,0,0,0,0,0,0,0,0,0,0,0,0,11,0,0,0,0,0,0,0,0,0,0,0,10,0,0,0,293,3517,759,106,23
32,25.210544481,-81.1282469145,2,27,19,Lack data,1,3,0,0,0,12,0,0,0,0,0,0,0,0,0,0,0,0,0,0,0,11,0,0,0,0,0,0,0,0,0,0,0,9,0,0,0,298,3509,849,106,26
33,25.21081203,-81.11935101,2,27,19,,1,3,0,0,0,12,0,0,0,0,0,0,0,0,0,0,0,0,0,0,0,11,0,0,0,0,0,0,0,0,0,0,0,9,0,0,0,299,3503,878,106,27
34,25.21997548,-81.12959356,2,27,19,,1,3,0,0,0,12,0,0,0,0,0,0,0,0,0,0,0,0,0,0,0,11,0,0,0,0,12,0,0,0,0,0,0,9,0,0,0,305,3476,839,105,26
35,25.16357772,-80.72092228,2,27,19,,1,3,0,0,0,0,4,0,0,0,0,0,0,0,0,0,0,0,0,0,0,11,0,0,0,0,0,0,0,0,0,0,0,9,0,0,0,312,3460,2243,104,68
36,25.229410938,-81.1535790686,2,27,19,,1,2,0,0,0,0,0,0,0,0,0,0,0,0,0,0,0,0,0,0,0,11,0,0,0,0,0,0,0,0,0,0,0,10,0,0,0,315,3454,753,104,23
37,25.18266395,-80.82741572,2,27,19,,1,2,0,0,0,0,0,0,0,0,0,0,0,0,0,0,0,0,0,0,0,11,0,0,0,0,0,0,0,0,0,0,0,10,0,0,0,317,3449,1874,104,57
38,25.18685971,-80.83663446,2,27,19,,1,2,0,0,0,0,0,0,0,0,0,0,0,0,0,0,0,0,0,0,0,11,0,0,0,0,0,0,0,0,0,0,0,9,0,0,0,320,3438,1841,104,56
39,25.18817763,-80.7962267094,2,27,19,,1,2,0,0,0,5,0,0,0,0,0,0,0,0,0,0,0,0,0,0,0,9,0,0,0,0,0,0,0,0,0,0,0,10,0,0,0,323,3412,1976,103,60
40,25.190603381,-80.7935334123,2,27,19,,1,2,0,0,0,0,0,0,0,0,0,0,0,0,0,0,0,0,0,0,0,11,0,0,0,0,0,0,0,0,0,0,0,10,0,0,0,326,3402,1983,103,60
41,25.19275713,-80.79353341,2,27,19,,1,2,0,0,0,0,0,0,0,0,0,0,0,0,0,0,0,0,0,0,0,11,0,0,0,0,0,0,0,0,0,0,0,9,0,0,0,330,3394,1982,102,60
42,25.19221758,-80.78517706,2,27,19,,1,2,0,0,0,0,0,0,0,0,0,0,0,0,0,0,0,0,0,0,0,11,0,0,0,0,0,0,0,0,0,0,0,9,0,0,0,331,3391,2011,102,61
43,25.21243068,-80.9115702761,2,27,19,,1,0,0,0,0,0,0,0,0,0,0,0,0,0,0,0,0,0,0,0,0,0,0,0,0,0,0,0,0,0,0,0,0,0,0,0,0,332,3387,1575,102,48
44,25.13885997,-80.37635775,2,27,19,,1,2,0,0,0,0,0,0,0,0,0,0,0,0,0,0,0,0,0,0,0,11,0,0,0,0,0,0,0,0,0,0,0,10,0,0,0,352,3359,3414,101,103
47,25.216475085,-80.7509534556,2,27,19,,1,0,0,0,0,0,0,0,0,0,0,0,0,0,0,0,0,0,0,0,0,0,0,0,0,0,0,0,0,0,0,0,0,0,0,0,0,392,3285,2111,99,64
48,25.275223741,-81.0980632595,2,27,19,,1,3,0,0,0,12,0,0,0,0,0,0,0,2,0,0,0,0,0,0,0,0,0,0,0,0,0,0,0,0,0,0,0,0,0,0,0,399,3260,913,98,28
49,25.204885881,-80.6038075807,2,27,19,,1,1,0,0,0,0,0,0,0,0,0,0,0,0,0,0,0,0,0,0,0,11,0,0,0,0,0,0,0,0,0,0,0,0,0,0,0,405,3247,2612,98,79
50,25.176232254,-80.3886352362,2,27,19,,1,0,0,0,0,0,0,0,0,0,0,0,3,0,0,0,0,0,0,0,0,0,0,0,0,0,0,0,0,0,0,0,0,0,0,0,0,410,3231,3350,97,101
51,25.23291133,-80.67953649,2,27,19,,1,0,0,0,0,0,0,0,0,0,0,0,0,0,0,0,0,0,0,0,0,0,0,0,0,0,0,0,0,0,0,0,0,0,0,0,0,414,3187,2341,96,71
52,25.23992104,-80.67603164,2,27,19,,1,0,0,0,0,0,0,0,0,0,0,0,0,0,0,0,0,0,0,0,0,0,0,0,0,0,0,0,0,0,0,0,0,0,0,0,0,419,3160,2349,95,71
53,25.24433155,-80.6070123,2,27,19,,1,1,0,0,0,0,1,0,0,0,0,0,0,0,0,0,0,0,0,0,0,0,0,0,0,0,0,0,0,0,0,0,0,0,0,0,0,435,3106,2578,94,78
54,25.245792576,-80.6028684076,2,27,19,,1,1,0,0,0,0,1,0,0,0,0,0,0,0,0,0,0,0,0,0,0,0,0,0,0,0,0,0,0,0,0,0,0,0,0,0,0,437,3099,2591,93,78
55,25.305135391,-80.8398857669,2,27,19,Landsat 8,1,1,0,0,0,12,0,0,0,0,0,0,0,0,0,0,0,0,0,0,0,0,0,0,0,0,0,0,0,0,0,0,0,0,0,0,0,449,3014,1761,91,53
56,25.272144391,-80.5419449177,2,27,19,,1,1,0,0,0,12,0,0,0,0,0,0,0,0,0,0,0,0,0,0,0,0,0,0,0,0,0,0,0,0,0,0,0,0,0,0,0,457,2971,2779,90,84
57,25.292201,-80.61355756,1,27,19,,1,0,0,0,0,0,0,0,0,0,0,0,0,0,0,0,0,0,0,0,0,0,0,0,0,0,0,0,0,0,0,0,0,0,0,0,0,465,2938,2527,89,76
58,25.38921094,-81.14456324,2,27,19,Recovery,1,3,0,0,0,0,0,0,8,0,0,0,0,0,0,0,0,0,0,0,0,11,0,0,0,0,0,0,0,0,0,0,0,10,0,0,0,474,2873,692,87,21
59,25.27199089,-80.32461435,2,27,19,,1,0,0,0,0,0,0,0,0,0,0,0,0,0,0,0,0,0,0,0,0,0,0,0,0,0,0,0,0,0,0,0,0,0,0,0,0,478,2851,3507,86,106
60,25.271718888,-80.3149113417,2,27,19,,1,0,0,0,0,0,0,0,0,0,0,0,9,0,0,0,0,0,0,0,0,0,0,0,0,0,0,0,0,0,0,0,0,0,0,0,0,479,2846,3540,86,107
61,25.38868111,-81.08054345,2,27,19,,1,4,0,0,0,12,0,0,0,0,0,0,0,0,0,0,0,0,0,0,0,11,0,0,0,0,1,0,0,0,0,0,0,10,0,0,0,480,2841,907,86,28
62,25.28461871,-80.3464320774,2,27,19,,1,3,0,0,0,0,0,0,10,0,0,0,0,0,0,0,0,0,0,0,0,10,0,0,0,0,0,0,0,0,0,0,0,9,0,0,0,485,2817,3427,85,103
63,25.416863956,-81.1423876798,2,27,19,,1,3,0,0,0,0,0,0,9,0,0,0,0,0,0,0,0,0,0,0,0,9,0,0,0,0,0,0,0,0,0,0,0,9,0,0,0,492,2772,684,84,21
64,25.41724611,-81.0668005019,2,27,19,,1,3,0,0,0,0,0,0,0,0,0,0,0,0,0,0,0,0,0,0,0,9,0,0,0,0,0,7,0,0,0,0,0,0,3,0,0,501,2731,937,82,29
65,25.31383336,-80.37620436,2,27,19,,1,0,0,0,0,0,0,0,0,0,0,0,0,0,0,0,0,0,0,0,0,0,0,0,0,0,0,0,0,0,0,0,0,0,0,0,0,502,2729,3310,82,100
66,25.436308052,-81.151906738,2,27,19,,1,3,0,0,0,0,0,0,12,0,0,0,0,0,0,0,0,0,0,0,0,11,0,0,0,0,0,0,0,0,0,0,0,9,0,0,0,505,2707,641,82,20
67,25.325332015,-80.3570867768,2,27,19,,1,1,0,0,0,0,0,0,10,0,0,0,0,0,0,0,0,0,0,0,0,0,0,0,0,0,0,0,0,0,0,0,0,0,0,0,0,508,2677,3367,81,101
68,25.440424517,-81.0921326554,2,27,19,,1,5,0,0,0,0,1,0,0,0,0,0,0,6,0,0,0,2,0,0,0,11,0,0,0,0,1,0,0,0,0,0,0,0,0,0,0,512,2661,839,80,26
69,25.35545268,-80.51367455,1,27,19,,1,2,0,0,0,0,4,0,0,0,0,0,0,0,0,0,8,0,0,0,0,0,0,0,0,0,0,0,0,0,0,0,0,0,0,0,0,515,2655,2825,80,85
70,25.451741716,-81.1438760643,2,27,19,recovery,1,4,0,0,0,0,0,0,9,0,0,0,0,0,0,0,0,0,0,0,0,11,0,0,0,0,1,0,0,0,0,0,0,9,0,0,0,516,2647,659,80,20
71,25.45497456,-81.12474206,2,27,19,Recovery,1,4,0,0,0,12,0,0,0,0,0,0,0,0,0,0,0,0,0,0,0,11,0,0,0,0,1,0,0,0,0,0,0,10,0,0,0,517,2625,721,79,22
72,25.341260108,-80.3363409989,2,27,19,recovery,1,1,0,0,0,0,0,0,10,0,0,0,0,0,0,0,0,0,0,0,0,0,0,0,0,0,0,0,0,0,0,0,0,0,0,0,0,520,2608,3427,79,103
73,25.34207037,-80.2676915215,2,27,19,,1,1,0,0,0,0,0,0,9,0,0,0,0,0,0,0,0,0,0,0,0,0,0,0,0,0,0,0,0,0,0,0,0,0,0,0,0,524,2567,3656,77,110
74,25.48103916,-81.15970898,2,27,19,Recovery,1,4,0,0,0,0,0,0,9,0,0,0,0,0,0,0,0,0,0,0,0,10,0,0,0,12,0,0,0,0,0,0,0,10,0,0,0,526,2550,589,77,18
75,25.485430224,-81.1320193139,2,27,19,,1,3,0,0,0,0,0,0,9,0,0,0,0,0,0,0,0,0,0,0,0,11,0,0,0,0,0,0,0,0,0,0,0,9,0,0,0,529,2519,680,76,21
76,25.368288737,-80.3153865038,2,27,19,,1,1,0,0,0,12,0,0,0,0,0,0,0,0,0,0,0,0,0,0,0,0,0,0,0,0,0,0,0,0,0,0,0,0,0,0,0,533,2499,3481,75,105
77,25.493514574,-81.0888998068,2,27,19,,1,3,0,0,0,0,0,0,12,0,0,0,0,0,0,0,0,0,0,0,0,11,0,0,0,0,0,0,0,0,0,0,0,6,0,0,0,537,2467,819,75,25
78,25.58217934,-81.13282641,2,27,19,,1,2,0,0,0,0,0,0,12,0,0,0,0,0,0,0,0,0,0,0,0,8,0,0,0,0,0,0,0,0,0,0,0,10,0,0,0,567,2171,622,66,19
79,25.482543038,-80.3440019481,2,27,19,Recovery,1,4,0,0,0,12,0,0,0,0,0,0,0,0,0,0,0,0,0,0,0,0,1,0,0,0,12,0,0,0,0,0,0,0,9,0,0,577,2103,3316,64,100
80,25.562670131,-80.8237297913,1,27,19,Low density,1,0,0,0,0,0,0,0,0,0,0,0,0,0,0,0,0,0,0,0,0,0,0,0,0,0,0,0,0,0,0,0,0,0,0,0,0,580,2076,1666,63,50
81,25.605892839,-81.071112453,2,27,19,Low density,1,0,0,0,0,0,0,0,0,0,0,0,0,0,0,0,0,0,0,0,0,0,0,0,0,0,0,0,0,0,0,0,0,0,0,0,0,583,2052,815,62,25
82,25.496565696,-80.1815750779,2,27,19,Recovery,1,2,0,0,0,0,0,0,3,0,0,0,0,0,0,0,0,0,0,0,0,11,0,0,0,0,0,0,0,0,0,0,0,0,0,0,0,589,1962,3851,59,116
83,25.6489525,-81.16486875,2,27,19,,1,2,0,0,0,0,0,0,3,0,0,0,0,0,0,0,0,0,0,0,0,11,0,0,0,0,0,0,0,0,0,0,0,0,0,0,0,591,1946,477,59,15
84,25.526663532,-80.3410505913,2,27,19,,1,1,0,0,0,12,0,0,0,0,0,0,0,0,0,0,0,0,0,0,0,0,0,0,0,0,0,0,0,0,0,0,0,0,0,0,0,592,1942,3300,59,99
85,25.668413895,-81.2683830828,2,27,19,,1,3,0,0,0,9,0,0,0,0,0,0,0,0,0,0,0,0,0,0,0,11,0,0,0,0,0,0,0,0,0,0,0,10,0,0,0,595,1930,120,58,4
86,25.514961534,-80.177224592,2,27,19,Recovery,1,3,0,0,0,0,0,0,10,0,0,0,0,0,0,0,0,0,0,0,0,10,0,0,0,0,0,0,0,0,0,0,0,9,0,0,0,605,1893,3854,57,116
87,25.685661698,-81.2724274879,2,27,19,Recovery,1,3,0,0,0,0,0,0,10,0,0,0,0,0,0,0,0,0,0,0,0,11,0,0,0,0,0,0,0,0,0,0,0,9,0,0,0,608,1870,97,57,3
88,25.560836467,-80.3118722226,2,27,19,,1,1,0,0,0,12,0,0,0,0,0,0,0,0,0,0,0,0,0,0,0,0,0,0,0,0,0,0,0,0,0,0,0,0,0,0,0,617,1803,3377,55,102
90,25.567441684,-80.30600295,2,27,19,,1,3,0,0,0,0,0,0,10,0,0,0,0,0,0,0,0,0,0,0,0,11,0,0,0,0,0,0,0,0,0,0,0,9,0,0,0,624,1776,3392,54,102
91,25.571764127,-80.3046192599,2,27,19,Recovery,1,1,0,0,0,0,0,0,10,0,0,0,0,0,0,0,0,0,0,0,0,0,0,0,0,0,0,0,0,0,0,0,0,0,0,0,0,627,1759,3394,53,102
92,25.713053222,-81.2374831865,2,27,19,,1,1,0,0,0,0,0,0,9,0,0,0,0,0,0,0,0,0,0,0,0,11,0,0,0,0,0,0,0,0,0,0,0,0,0,0,0,630,1753,198,53,6
94,25.717081734,-81.1997910844,2,27,19,,1,3,0,0,0,0,0,0,0,0,0,0,0,0,0,0,0,0,0,0,0,11,0,0,0,0,2,0,0,0,0,0,0,9,0,0,0,636,1719,321,52,10
97,25.751400245,-81.2809716681,2,27,19,,1,3,0,0,0,0,0,0,9,0,0,0,0,0,0,0,0,0,0,0,0,11,0,0,0,0,0,0,0,0,0,0,0,9,0,0,0,645,1637,31,50,1
98,25.70015351,-80.88671071,1,27,19,,1,3,0,0,0,0,0,0,8,0,0,1,0,0,0,0,0,0,0,0,0,0,0,0,0,0,0,0,0,0,0,0,0,10,0,0,6,649,1614,1376,49,42
99,25.754764232,-81.2316126475,2,27,19,,1,4,0,0,0,0,12,0,0,0,0,0,0,0,0,0,0,0,0,0,0,9,0,0,0,12,0,0,0,0,0,0,0,10,0,0,0,651,1599,194,48,6
100,25.754652909,-81.1942728243,2,27,19,,1,1,0,0,0,0,0,0,0,0,0,0,0,0,0,0,0,2,0,0,0,0,0,0,0,0,0,0,0,0,0,0,0,0,0,0,0,656,1580,319,48,10
102,25.637802595,-80.276451475,2,27,19,,1,3,0,0,0,0,0,0,10,0,0,0,0,0,0,0,0,0,0,0,0,11,0,0,0,0,0,0,0,0,0,0,0,9,0,0,0,669,1506,3449,46,104
103,25.78699477,-81.23496658,2,27,19,,1,1,0,0,0,0,0,0,0,0,0,0,0,0,0,0,0,0,0,0,0,0,0,0,0,0,6,0,0,0,0,0,0,0,0,0,0,674,1484,165,45,5
107,25.80720787,-81.26083829,2,27,19,,1,4,0,0,0,0,4,0,0,0,0,0,0,1,0,0,0,0,0,0,0,0,0,0,0,0,1,0,0,0,0,0,0,9,0,0,0,694,1425,67,43,2
108,25.661747776,-80.2681957208,2,27,19,recovery,1,3,0,0,0,0,0,0,10,0,0,0,0,0,0,0,0,0,0,0,0,11,0,0,0,0,0,0,0,0,0,0,0,9,0,0,0,695,1415,3462,43,104
109,25.666433052,-80.2723683299,2,27,19,recovery,1,1,0,0,0,0,0,0,10,0,0,0,0,0,0,0,0,0,0,0,0,0,0,0,0,0,0,0,0,0,0,0,0,0,0,0,0,699,1400,3445,42,104
110,25.672963768,-80.2634064881,2,27,19,,1,3,0,0,0,0,0,0,10,0,0,0,0,0,0,0,0,0,0,0,0,11,0,0,0,0,0,0,0,0,0,0,0,9,0,0,0,706,1372,3471,42,105
117,25.744479665,-80.1579643414,2,27,19,,1,3,0,0,0,0,0,0,10,0,0,0,0,0,0,0,0,0,0,0,0,11,0,0,0,0,0,0,0,0,0,0,0,9,0,0,0,784,1055,3779,32,114
6,24.68402265,-81.46049117,2,27,20,recovery,1,3,0,0,0,0,0,0,0,0,0,0,0,0,0,0,0,0,0,0,0,11,0,0,0,0,0,0,0,0,0,0,0,9,0,0,0,19,581,26,18,1
7,24.692035751,-81.3268641941,2,27,20,,1,3,0,0,0,0,0,0,0,0,0,0,0,0,11,0,0,0,0,0,0,10,0,0,0,0,0,0,0,0,0,0,0,9,0,0,0,22,482,473,15,15
8,24.72768916,-81.30701921,2,27,20,,1,3,0,10,0,0,0,0,0,0,0,0,0,0,0,0,0,0,0,0,0,11,0,0,0,0,0,0,0,0,0,0,0,9,0,0,0,25,343,520,11,16
9,24.733001513,-81.0331119936,2,27,20,,1,3,0,0,0,0,0,0,0,0,0,0,0,0,0,0,0,0,0,0,0,10,0,0,0,0,3,0,0,0,0,0,0,9,0,0,0,31,179,1441,6,44
456,39.20024668,-75.40935695,1,28,8,,1,0,0,0,0,0,0,0,0,0,0,0,0,0,0,0,0,0,0,0,0,0,0,0,0,0,0,0,0,0,0,0,0,0,0,0,0,7529,4245,3790,128,114
457,39.21395965,-75.43651699,1,28,8,,1,0,0,0,0,0,0,0,0,0,0,0,0,0,0,0,0,0,0,0,0,0,0,0,0,0,0,0,0,0,0,0,0,0,0,0,0,7535,4211,3703,127,112
458,39.36732719,-76.34127273,1,28,8,,1,0,0,0,0,0,0,0,0,0,0,0,0,0,0,0,0,0,0,0,0,0,0,0,0,0,0,0,0,0,0,0,0,0,0,0,0,7538,4193,1063,126,32
462,39.40623741,-76.36831961,1,28,8,,1,0,0,0,0,0,0,0,0,0,0,0,0,0,0,0,0,0,0,0,0,0,0,0,0,0,0,0,0,0,0,0,0,0,0,0,0,7592,4066,958,122,29
463,39.25330462,-75.42755305,1,28,8,,1,1,0,0,0,0,0,0,0,0,0,0,0,0,0,0,0,0,0,0,0,0,0,0,0,0,0,0,0,7,0,0,0,0,0,0,0,7595,4062,3697,122,111
469,39.29532507,-75.47348059,1,28,8,,1,0,0,0,0,0,0,0,0,0,0,0,0,0,0,0,0,0,0,0,0,0,0,0,0,0,0,0,0,0,0,0,0,0,0,0,0,7639,3937,3535,119,107
470,39.24615537,-75.13512542,1,28,8,,1,0,0,0,0,0,0,0,0,0,0,0,0,0,0,0,0,0,0,0,0,0,0,0,0,0,0,0,0,0,0,0,0,0,0,0,0,7646,3908,4516,118,136
471,39.30022102,-75.45436756,1,28,8,,1,0,0,0,0,0,0,0,0,0,0,0,0,0,0,0,0,0,0,0,0,0,0,0,0,0,0,0,0,0,0,0,0,0,0,0,0,7647,3908,3585,118,108
472,39.3084565,-75.48320667,1,28,8,,1,0,0,0,0,0,0,0,0,0,0,0,0,0,0,0,0,0,0,0,0,0,0,0,0,0,0,0,0,0,0,0,0,0,0,0,0,7649,3895,3498,117,105
473,39.32651802,-75.49831287,1,28,8,,1,0,0,0,0,0,0,0,0,0,0,0,0,0,0,0,0,0,0,0,0,0,0,0,0,0,0,0,0,0,0,0,0,0,0,0,0,7669,3838,3441,116,104
475,39.31926638,-75.26919716,1,28,8,,1,0,0,0,0,0,0,0,0,0,0,0,0,0,0,0,0,0,0,0,0,0,0,0,0,0,0,0,0,0,0,0,0,0,0,0,0,7714,3724,4084,112,123
477,39.34123066,-75.26414335,1,28,8,,1,0,0,0,0,0,0,0,0,0,0,0,0,0,0,0,0,0,0,0,0,0,0,0,0,0,0,0,0,0,0,0,0,0,0,0,0,7738,3641,4080,110,123
478,39.37985252,-75.34839659,1,28,8,,1,0,0,0,0,0,0,0,0,0,0,0,0,0,0,0,0,0,0,0,0,0,0,0,0,0,0,0,0,0,0,0,0,0,0,0,0,7755,3552,3815,107,115
480,39.35434848,-75.02873577,1,28,8,,1,2,0,0,0,0,0,0,0,0,0,0,0,0,0,5,7,0,0,0,0,0,0,0,0,0,0,0,0,0,0,0,0,0,0,0,0,7809,3447,4724,104,142
481,39.42412095,-75.433195,1,28,8,,1,0,0,0,0,0,0,0,0,0,0,0,0,0,0,0,0,0,0,0,0,0,0,0,0,0,0,0,0,0,0,0,0,0,0,0,0,7810,3443,3544,104,107
482,39.4474551,-75.47490871,1,28,8,,1,0,0,0,0,0,0,0,0,0,0,0,0,0,0,0,0,0,0,0,0,0,0,0,0,0,0,0,0,0,0,0,0,0,0,0,0,7820,3383,3410,102,103
487,39.50978413,-75.50302262,1,28,8,,1,0,0,0,0,0,0,0,0,0,0,0,0,0,0,0,0,0,0,0,0,0,0,0,0,0,0,0,0,0,0,0,0,0,0,0,0,7873,3172,3282,96,99
517,40.18179964,-74.71762896,1,28,8,,1,0,0,0,0,0,0,0,0,0,0,0,0,0,0,0,0,0,0,0,0,0,0,0,0,0,0,0,0,0,0,0,0,0,0,0,0,8322,239,4901,8,148
518,40.18850754,-74.73230078,1,28,8,,1,0,0,0,0,0,0,0,0,0,0,0,0,0,0,0,0,0,0,0,0,0,0,0,0,0,0,0,0,0,0,0,0,0,0,0,0,8330,223,4855,7,146
386,37.68462412,-75.61821438,1,28,9,,1,0,0,0,0,0,0,0,0,0,0,0,0,0,0,0,0,0,0,0,0,0,0,0,0,0,0,0,0,0,0,0,0,0,0,0,0,5854,4905,4413,148,133
387,37.73484912,-75.80765414,1,28,9,,1,1,0,0,0,0,0,0,0,0,0,0,0,0,0,0,0,0,0,0,0,0,0,0,0,0,0,0,0,0,11,0,0,0,0,0,0,5861,4838,3835,146,116
388,37.93775327,-76.8371093,1,28,9,,1,0,0,0,0,0,0,0,0,0,0,0,0,0,0,0,0,0,0,0,0,0,0,0,0,0,0,0,0,0,0,0,0,0,0,0,0,5886,4712,751,142,23
389,37.94198362,-76.84244214,1,28,9,,1,0,0,0,0,0,0,0,0,0,0,0,0,0,0,0,0,0,0,0,0,0,0,0,0,0,0,0,0,0,0,0,0,0,0,0,0,5890,4699,733,141,22
390,37.94030766,-76.83116146,1,28,9,,1,0,0,0,0,0,0,0,0,0,0,0,0,0,0,0,0,0,0,0,0,0,0,0,0,0,0,0,0,0,0,0,0,0,0,0,0,5891,4699,766,141,23
391,37.95204592,-76.847249,1,28,9,,1,0,0,0,0,0,0,0,0,0,0,0,0,0,0,0,0,0,0,0,0,0,0,0,0,0,0,0,0,0,0,0,0,0,0,0,0,5898,4665,712,140,22
392,37.78905556,-75.79202877,1,28,9,,1,1,0,0,0,0,0,0,0,0,0,0,0,0,0,0,0,0,0,0,0,0,0,0,0,0,0,0,0,0,12,0,0,0,0,0,0,5913,4631,3836,139,116
393,37.78895095,-75.72190779,1,28,9,,1,0,0,0,0,0,0,0,0,0,0,0,0,0,0,0,0,0,0,0,0,0,0,0,0,0,0,0,0,0,0,0,0,0,0,0,0,5931,4588,4036,138,122
394,37.81141584,-75.71422595,1,28,9,,1,2,0,0,0,0,0,0,0,0,0,0,0,0,0,0,0,0,0,0,0,0,0,0,0,0,0,11,0,0,4,0,0,0,0,0,0,5979,4501,4040,136,122
395,37.82179149,-75.69997202,1,28,9,,1,1,0,0,0,0,0,0,0,0,0,0,0,0,0,0,0,0,0,0,0,0,0,0,0,0,0,0,0,0,0,3,0,0,0,0,0,5989,4455,4072,134,123
396,37.83213296,-75.70087626,1,28,9,,1,1,0,0,0,0,0,0,0,0,0,0,0,0,0,0,0,0,0,0,0,0,0,0,0,0,0,0,0,0,0,3,0,0,0,0,0,5999,4418,4061,133,122
397,38.04487112,-76.92963163,1,28,9,,1,0,0,0,0,0,0,0,0,0,0,0,0,0,0,0,0,0,0,0,0,0,0,0,0,0,0,0,0,0,0,0,0,0,0,0,0,6022,4373,408,132,13
398,37.84122407,-75.67300719,1,28,9,,1,2,0,0,0,0,0,0,0,0,0,0,0,0,0,0,0,0,0,0,0,0,0,0,0,0,4,0,0,0,0,3,0,0,0,0,0,6026,4367,4133,132,124
399,38.04699394,-76.93187196,1,28,9,,1,0,0,0,0,0,0,0,0,0,0,0,0,0,0,0,0,0,0,0,0,0,0,0,0,0,0,0,0,0,0,0,0,0,0,0,0,6027,4367,401,131,13
403,37.87787868,-75.66757183,1,28,9,,1,1,0,0,0,0,0,0,0,0,0,0,0,0,0,0,0,0,0,0,0,0,0,0,0,0,0,0,0,0,7,0,0,0,0,0,0,6084,4230,4120,127,124
405,37.91444492,-75.70978054,1,28,9,recovery,1,1,0,0,0,0,0,0,0,0,0,0,0,0,0,0,0,0,0,0,0,0,0,0,0,0,0,0,0,0,9,0,0,0,0,0,0,6143,4122,3971,124,120
406,38.00872201,-76.00872202,1,28,9,recovery,1,2,0,0,0,0,0,0,0,0,0,0,0,0,0,0,7,0,0,0,0,0,0,0,0,0,0,0,0,0,0,4,0,0,0,0,0,6192,3961,3049,119,92
407,38.01381787,-76.01399137,1,28,9,,1,2,0,0,0,0,0,0,0,0,0,0,0,0,0,0,0,3,0,0,0,0,0,0,0,0,0,0,0,0,0,2,0,0,0,0,0,6201,3945,3030,119,91
408,37.92907995,-75.43588869,1,28,9,,1,0,0,0,0,0,0,0,0,0,0,0,0,0,0,0,0,0,0,0,0,0,0,0,0,0,0,0,0,0,0,0,0,0,0,0,0,6219,3900,4736,117,143
409,38.02337946,-75.86266304,1,28,9,,1,1,0,0,0,0,0,0,0,0,0,0,0,0,0,0,0,0,0,0,0,0,0,0,0,0,0,0,0,0,0,2,0,0,0,0,0,6238,3818,3451,115,104
410,38.00244832,-75.4029018,1,28,9,,1,1,0,12,0,0,0,0,0,0,0,0,0,0,0,0,0,0,0,0,0,0,0,0,0,0,0,0,0,0,0,0,0,0,0,0,0,6267,3611,4770,109,144
411,38.108435,-75.83057036,1,28,9,recovery,1,1,0,0,0,0,0,0,0,0,0,0,0,0,0,0,0,0,0,0,0,0,0,0,0,0,0,0,0,0,0,0,7,0,0,0,0,6302,3488,3475,105,105
412,38.11076097,-75.83044523,1,28,9,,1,0,0,0,0,0,0,0,0,0,0,0,0,0,0,0,0,0,0,0,0,0,0,0,0,0,0,0,0,0,0,0,0,0,0,0,0,6304,3479,3474,105,105
413,38.03254596,-75.36055332,1,28,9,,1,0,0,0,0,0,0,0,0,0,0,0,0,0,0,0,0,0,0,0,0,0,0,0,0,0,0,0,0,0,0,0,0,0,0,0,0,6307,3475,4866,105,146
414,38.11353109,-75.8341239,1,28,9,,1,0,0,0,0,0,0,0,0,0,0,0,0,0,0,0,0,0,0,0,0,0,0,0,0,0,0,0,0,0,0,0,0,0,0,0,0,6309,3472,3461,105,104
415,38.03468852,-75.36305633,1,28,9,,1,0,0,0,0,0,0,0,0,0,0,0,0,0,0,0,0,0,0,0,0,0,0,0,0,0,0,0,0,0,0,0,0,0,0,0,0,6312,3469,4857,105,146
416,38.08699161,-75.33972266,1,28,9,,1,0,0,0,0,0,0,0,0,0,0,0,0,0,0,0,0,0,0,0,0,0,0,0,0,0,0,0,0,0,0,0,0,0,0,0,0,6350,3263,4881,98,147
417,38.08825542,-75.34411803,1,28,9,,1,0,0,0,0,0,0,0,0,0,0,0,0,0,0,0,0,0,0,0,0,0,0,0,0,0,0,0,0,0,0,0,0,0,0,0,0,6351,3261,4868,98,147
418,38.10107643,-75.33718381,1,28,9,,1,0,0,0,0,0,0,0,0,0,0,0,0,0,0,0,0,0,0,0,0,0,0,0,0,0,0,0,0,0,0,0,0,0,0,0,0,6357,3210,4877,97,147
419,38.10279059,-75.31728284,1,28,9,,1,0,0,0,0,0,0,0,0,0,0,0,0,0,0,0,0,0,0,0,0,0,0,0,0,0,0,0,0,0,0,0,0,0,0,0,0,6361,3192,4932,96,148
420,38.29518782,-75.99069267,1,28,9,,1,2,0,0,0,0,0,0,0,0,0,0,0,0,0,0,0,0,0,0,0,0,0,0,0,0,0,0,0,0,0,6,0,0,6,0,0,6412,2903,2876,88,87
421,38.26386791,-75.79095129,1,28,9,,1,0,0,0,0,0,0,0,0,0,0,0,0,0,0,0,0,0,0,0,0,0,0,0,0,0,0,0,0,0,0,0,0,0,0,0,0,6415,2896,3465,87,104
422,38.17630343,-75.27358937,1,28,9,,1,0,0,0,0,0,0,0,0,0,0,0,0,0,0,0,0,0,0,0,0,0,0,0,0,0,0,0,0,0,0,0,0,0,0,0,0,6416,2896,4996,87,150
424,38.35890402,-76.15472261,1,28,9,,1,3,0,0,0,0,0,0,0,0,0,0,0,0,0,0,0,0,0,0,0,0,0,0,0,0,0,0,0,0,11,0,0,10,0,6,0,6452,2769,2364,84,71
425,38.35299919,-76.05517518,1,28,9,Climate,1,4,0,0,0,0,0,0,0,0,0,0,0,0,0,0,0,0,0,0,0,3,0,0,0,1,0,0,0,0,6,0,0,12,0,0,0,6463,2731,2649,82,80
426,38.33334088,-75.92548482,1,28,9,,1,1,0,0,3,0,0,0,0,0,0,0,0,0,0,0,0,0,0,0,0,0,0,0,0,0,0,0,0,0,0,0,0,0,0,0,0,6465,2724,3031,82,91
427,38.34093162,-75.94711744,1,28,9,,1,2,0,0,0,0,0,0,0,0,0,2,0,0,4,0,0,0,0,0,0,0,0,0,0,0,0,0,0,0,0,0,0,0,0,0,0,6473,2710,2964,82,89
430,38.37331636,-76.03509501,1,28,9,,1,1,0,0,0,0,0,0,0,3,0,0,0,0,0,0,0,0,0,0,0,0,0,0,0,0,0,0,0,0,0,0,0,0,0,0,0,6494,2644,2690,80,81
432,38.39487387,-76.03439529,1,28,9,,1,0,0,0,0,0,0,0,0,0,0,0,0,0,0,0,0,0,0,0,0,0,0,0,0,0,0,0,0,0,0,0,0,0,0,0,0,6515,2565,2675,77,81
434,38.37725555,-75.85810215,1,28,9,,1,0,0,0,0,0,0,0,0,0,0,0,0,0,0,0,0,0,0,0,0,0,0,0,0,0,0,0,0,0,0,0,0,0,0,0,0,6522,2523,3186,76,96
435,38.37835037,-75.83878263,1,28,9,,1,0,0,0,0,0,0,0,0,0,0,0,0,0,0,0,0,0,0,0,0,0,0,0,0,0,0,0,0,0,0,0,0,0,0,0,0,6526,2507,3240,76,98
437,38.45998976,-75.8118312,1,28,9,,1,0,0,0,0,0,0,0,0,0,0,0,0,0,0,0,0,0,0,0,0,0,0,0,0,0,0,0,0,0,0,0,0,0,0,0,0,6611,2193,3252,66,98
438,38.48541499,-75.81403244,1,28,9,,1,2,0,0,0,0,0,0,0,0,0,0,0,0,0,0,0,0,0,0,0,0,0,0,0,0,0,0,0,6,0,0,6,0,0,0,0,6625,2101,3225,64,97
443,38.58669041,-75.18896653,1,28,9,,1,0,0,0,0,0,0,0,0,0,0,0,0,0,0,0,0,0,0,0,0,0,0,0,0,0,0,0,0,0,0,0,0,0,0,0,0,6848,1346,4902,41,148
445,38.8796783,-76.55282159,1,28,9,,1,0,0,0,0,0,0,0,0,0,0,0,0,0,0,0,0,0,0,0,0,0,0,0,0,0,0,0,0,0,0,0,0,0,0,0,0,6902,1099,844,33,26
446,38.68400159,-75.1479416,1,28,9,,1,0,0,0,0,0,0,0,0,0,0,0,0,0,0,0,0,0,0,0,0,0,0,0,0,0,0,0,0,0,0,0,0,0,0,0,0,6942,966,4938,29,149
447,38.69675998,-75.15419926,1,28,9,,1,0,0,0,0,0,0,0,0,0,0,0,0,0,0,0,0,0,0,0,0,0,0,0,0,0,0,0,0,0,0,0,0,0,0,0,0,6958,923,4910,28,148
448,38.81167639,-75.22009454,1,28,9,,1,0,0,0,0,0,0,0,0,0,0,0,0,0,0,0,0,0,0,0,0,0,0,0,0,0,0,0,0,0,0,0,0,0,0,0,0,7103,545,4632,17,139
449,38.94825954,-75.317592,1,28,9,,1,1,0,3,0,0,0,0,0,0,0,0,0,0,0,0,0,0,0,0,0,0,0,0,0,0,0,0,0,0,0,0,0,0,0,0,0,7236,108,4249,4,128
335,36.53382248,-75.97266385,1,28,10,,1,1,0,0,0,0,0,0,0,0,0,0,0,0,0,0,0,0,0,0,0,0,0,0,0,0,0,0,0,0,0,0,0,4,0,0,0,5152,4326,4304,130,130
336,36.52117414,-75.87607707,1,28,10,recovery,1,1,0,0,0,0,0,0,0,0,0,0,0,0,0,0,0,0,0,0,0,0,0,0,0,0,0,0,0,0,0,4,0,0,0,0,0,5156,4312,4593,130,138
337,36.54790333,-75.95326621,1,28,10,,1,5,12,0,0,0,0,0,0,0,0,0,0,0,0,0,0,0,0,0,0,6,0,0,0,0,3,0,0,0,4,0,0,0,0,4,0,5163,4263,4349,128,131
338,36.59809951,-76.0562713,1,28,10,,1,1,0,0,0,0,0,0,0,0,0,0,0,0,0,0,0,1,0,0,0,0,0,0,0,0,0,0,0,0,0,0,0,0,0,0,0,5173,4143,4012,125,121
339,36.587103,-75.98461976,1,28,10,,1,0,0,0,0,0,0,0,0,0,0,0,0,0,0,0,0,0,0,0,0,0,0,0,0,0,0,0,0,0,0,0,0,0,0,0,0,5175,4139,4227,125,127
340,36.60287079,-76.06184973,1,28,10,,1,3,0,0,0,0,0,0,0,0,0,0,0,7,0,0,0,0,0,0,0,0,2,0,0,0,0,0,0,0,0,0,0,0,0,0,5,5176,4129,3992,124,120
341,36.60507961,-75.99205388,1,28,10,,1,1,0,0,0,0,0,0,0,0,0,0,0,0,0,0,0,4,0,0,0,0,0,0,0,0,0,0,0,0,0,0,0,0,0,0,0,5180,4078,4192,123,126
342,36.65599722,-75.9625233,1,28,10,,1,0,0,0,0,0,0,0,0,0,0,0,0,0,0,0,0,0,0,0,0,0,0,0,0,0,0,0,0,0,0,0,0,0,0,0,0,5197,3874,4237,117,128
343,36.71641908,-75.96305917,1,28,10,,1,0,0,0,0,0,0,0,0,0,0,0,0,0,0,0,0,0,0,0,0,0,0,0,0,0,0,0,0,0,0,0,0,0,0,0,0,5219,3653,4189,110,126
344,36.72413659,-75.95738398,1,28,10,,1,1,0,0,0,3,0,0,0,0,0,0,0,0,0,0,0,0,0,0,0,0,0,0,0,0,0,0,0,0,0,0,0,0,0,0,0,5221,3622,4199,109,126
345,36.96405896,-76.51824995,1,28,10,,1,0,0,0,0,0,0,0,0,0,0,0,0,0,0,0,0,0,0,0,0,0,0,0,0,0,0,0,0,0,0,0,0,0,0,0,0,5254,3086,2398,93,72
346,37.00687205,-76.5861166,1,28,10,,1,0,0,0,0,0,0,0,0,0,0,0,0,0,0,0,0,0,0,0,0,0,0,0,0,0,0,0,0,0,0,0,0,0,0,0,0,5268,2970,2170,90,66
347,37.01472286,-76.58342332,1,28,10,,1,0,0,0,0,0,0,0,0,0,0,0,0,0,0,0,0,0,0,0,0,0,0,0,0,0,0,0,0,0,0,0,0,0,0,0,0,5276,2940,2172,89,66
348,37.27413977,-76.86054257,1,28,10,,1,0,0,0,0,0,0,0,0,0,0,0,0,0,0,0,0,0,0,0,0,0,0,0,0,0,0,0,0,0,0,0,0,0,0,0,0,5350,2154,1181,65,36
349,37.29338212,-76.89505669,1,28,10,,1,0,0,0,0,0,0,0,0,0,0,0,0,0,0,0,0,0,0,0,0,0,0,0,0,0,0,0,0,0,0,0,0,0,0,0,0,5364,2104,1067,64,33
352,37.32706113,-76.86699574,1,28,10,,1,0,0,0,0,0,0,0,0,0,0,0,0,0,0,0,0,0,0,0,0,0,0,0,0,0,0,0,0,0,0,0,0,0,0,0,0,5412,1964,1123,59,34
354,37.34295619,-76.87841307,1,28,10,,1,0,0,0,0,0,0,0,0,0,0,0,0,0,0,0,0,0,0,0,0,0,0,0,0,0,0,0,0,0,0,0,0,0,0,0,0,5439,1913,1078,58,33
355,37.19687503,-75.93546482,3,28,10,,1,0,0,0,0,0,0,0,0,0,0,0,0,0,0,0,0,0,0,0,0,0,0,0,0,0,0,0,0,0,0,0,0,0,0,0,0,5449,1882,3892,57,117
356,37.35307791,-76.88782104,1,28,10,,1,0,0,0,0,0,0,0,0,0,0,0,0,0,0,0,0,0,0,0,0,0,0,0,0,0,0,0,0,0,0,0,0,0,0,0,0,5450,1881,1043,57,32
357,37.19745676,-75.93468357,3,28,10,,1,0,0,0,0,0,0,0,0,0,0,0,0,0,0,0,0,0,0,0,0,0,0,0,0,0,0,0,0,0,0,0,0,0,0,0,0,5451,1879,3894,57,117
358,37.19923557,-75.87982165,1,28,10,,1,0,0,0,0,0,0,0,0,0,0,0,0,0,0,0,0,0,0,0,0,0,0,0,0,0,0,0,0,0,0,0,0,0,0,0,0,5462,1839,4050,56,122
359,37.20853347,-75.93371462,3,28,10,,1,0,0,0,0,0,0,0,0,0,0,0,0,0,0,0,0,0,0,0,0,0,0,0,0,0,0,0,0,0,0,0,0,0,0,0,0,5463,1838,3888,56,117
360,37.23005352,-75.9160072,3,28,10,,1,0,0,0,0,0,0,0,0,0,0,0,0,0,0,0,0,0,0,0,0,0,0,0,0,0,0,0,0,0,0,0,0,0,0,0,0,5479,1749,3922,53,118
361,37.28203674,-75.87473402,3,28,10,,1,0,0,0,0,0,0,0,0,0,0,0,0,0,0,0,0,0,0,0,0,0,0,0,0,0,0,0,0,0,0,0,0,0,0,0,0,5515,1533,3999,46,120
362,37.30524437,-75.87891702,1,28,10,,1,0,0,0,0,0,0,0,0,0,0,0,0,0,0,0,0,0,0,0,0,0,0,0,0,0,0,0,0,0,0,0,0,0,0,0,0,5555,1451,3969,44,120
363,37.31077605,-75.90550391,3,28,10,,1,0,0,0,0,0,0,0,0,0,0,0,0,0,0,0,0,0,0,0,0,0,0,0,0,0,0,0,0,0,0,0,0,0,0,0,0,5557,1447,3889,44,117
364,37.3331054,-75.87727243,3,28,10,,1,0,0,0,0,0,0,0,0,0,0,0,0,0,0,0,0,0,0,0,0,0,0,0,0,0,0,0,0,0,0,0,0,0,0,0,0,5581,1348,3952,41,119
365,37.32945922,-75.84451986,1,28,10,,1,0,0,0,0,0,0,0,0,0,0,0,0,0,0,0,0,0,0,0,0,0,0,0,0,0,0,0,0,0,0,0,0,0,0,0,0,5583,1342,4049,41,122
366,37.35843705,-75.89243831,3,28,10,,1,0,0,0,0,0,0,0,0,0,0,0,0,0,0,0,0,0,0,0,0,0,0,0,0,0,0,0,0,0,0,0,0,0,0,0,0,5599,1265,3889,38,117
367,37.52992411,-76.81077866,1,28,10,,1,1,0,0,0,0,0,0,0,0,0,0,0,0,0,0,0,0,0,0,0,7,0,0,0,0,0,0,0,0,0,0,0,0,0,0,0,5610,1189,1132,36,34
368,37.53192632,-76.81853274,1,28,10,,1,1,0,0,0,0,0,0,0,0,0,0,0,0,0,0,0,0,0,0,0,11,0,0,0,0,0,0,0,0,0,0,0,0,0,0,0,5611,1186,1108,36,34
369,37.40319772,-75.86167083,1,28,10,,1,0,0,0,0,0,0,0,0,0,0,0,0,0,0,0,0,0,0,0,0,0,0,0,0,0,0,0,0,0,0,0,0,0,0,0,0,5626,1083,3942,33,119
370,37.42148251,-75.83620447,1,28,10,,1,0,0,0,0,0,0,0,0,0,0,0,0,0,0,0,0,0,0,0,0,0,0,0,0,0,0,0,0,0,0,0,0,0,0,0,0,5653,1000,4000,30,120
371,37.43407754,-75.82401177,1,28,10,,1,0,0,0,0,0,0,0,0,0,0,0,0,0,0,0,0,0,0,0,0,0,0,0,0,0,0,0,0,0,0,0,0,0,0,0,0,5660,947,4025,29,121
372,37.56477334,-76.55400838,1,28,10,,1,0,0,0,0,0,0,0,0,0,0,0,0,0,0,0,0,0,0,0,0,0,0,0,0,0,0,0,0,0,0,0,0,0,0,0,0,5673,910,1839,28,56
373,37.44619096,-75.82515578,1,28,10,,1,0,0,0,0,0,0,0,0,0,0,0,0,0,0,0,0,0,0,0,0,0,0,0,0,0,0,0,0,0,0,0,0,0,0,0,0,5678,903,4012,28,121
374,37.45292933,-75.81805219,3,28,10,,1,0,0,0,0,0,0,0,0,0,0,0,0,0,0,0,0,0,0,0,0,0,0,0,0,0,0,0,0,0,0,0,0,0,0,0,0,5694,874,4027,27,121
375,37.45743062,-75.81746193,3,28,10,,1,0,0,0,0,0,0,0,0,0,0,0,0,0,0,0,0,0,0,0,0,0,0,0,0,0,0,0,0,0,0,0,0,0,0,0,0,5697,858,4025,26,121
376,37.49211679,-75.71343556,1,28,10,,1,0,0,0,0,0,0,0,0,0,0,0,0,0,0,0,0,0,0,0,0,0,0,0,0,0,0,0,0,0,0,0,0,0,0,0,0,5735,667,4295,20,129
377,37.50682636,-75.67031748,1,28,10,,1,0,0,0,0,0,0,0,0,0,0,0,0,0,0,0,0,0,0,0,0,0,0,0,0,0,0,0,0,0,0,0,0,0,0,0,0,5746,586,4406,18,133
378,37.512301,-75.70058607,1,28,10,,1,0,0,0,0,0,0,0,0,0,0,0,0,0,0,0,0,0,0,0,0,0,0,0,0,0,0,0,0,0,0,0,0,0,0,0,0,5747,585,4315,18,130
379,37.51985846,-75.66658074,3,28,10,,1,0,0,0,0,0,0,0,0,0,0,0,0,0,0,0,0,0,0,0,0,0,0,0,0,0,0,0,0,0,0,0,0,0,0,0,0,5752,536,4406,17,133
380,37.53444694,-75.6850483,1,28,10,,1,0,0,0,0,0,0,0,0,0,0,0,0,0,0,0,0,0,0,0,0,0,0,0,0,0,0,0,0,0,0,0,0,0,0,0,0,5758,495,4342,15,131
381,37.54489079,-75.70426074,1,28,10,,1,0,0,0,0,0,0,0,0,0,0,0,0,0,0,0,0,0,0,0,0,0,0,0,0,0,0,0,0,0,0,0,0,0,0,0,0,5762,468,4279,15,129
382,37.58626112,-75.6992612,1,28,10,,1,0,0,0,0,0,0,0,0,0,0,0,0,0,0,0,0,0,0,0,0,0,0,0,0,0,0,0,0,0,0,0,0,0,0,0,0,5780,314,4261,10,128
383,37.62318365,-75.68703629,3,28,10,,1,0,0,0,0,0,0,0,0,0,0,0,0,0,0,0,0,0,0,0,0,0,0,0,0,0,0,0,0,0,0,0,0,0,0,0,0,5798,172,4266,6,128
384,37.68324375,-75.84870515,1,28,10,,1,2,0,0,0,0,0,0,0,0,0,0,0,0,0,0,0,0,0,0,0,0,0,0,0,0,1,0,0,0,12,0,0,0,0,0,0,5824,52,3758,2,113
385,37.65434697,-75.61869176,3,28,10,,1,0,0,0,0,0,0,0,0,0,0,0,0,0,0,0,0,0,0,0,0,0,0,0,0,0,0,0,0,0,0,0,0,0,0,0,0,5834,16,4436,1,134
327,35.34617592,-76.21521826,1,28,11,Noisy,1,4,0,0,0,0,4,0,0,0,0,0,0,0,0,9,0,0,0,0,0,0,0,0,0,0,3,0,0,0,0,0,0,0,10,0,0,4867,3812,4518,115,136
328,35.63263141,-76.19604962,1,28,11,,1,0,0,0,0,0,0,0,0,0,0,0,0,0,0,0,0,0,0,0,0,0,0,0,0,0,0,0,0,0,0,0,0,0,0,0,0,4954,2755,4353,83,131
334,36.24857225,-75.96256385,1,28,11,,1,2,0,0,0,0,0,0,0,0,0,0,0,0,0,0,0,7,0,0,0,0,0,0,0,0,0,0,0,0,0,0,10,0,0,0,0,5081,361,4556,11,137
307,34.07136108,-77.87998037,1,28,12,,1,0,0,0,0,0,0,0,0,0,0,0,0,0,0,0,0,0,0,0,0,0,0,0,0,0,0,0,0,0,0,0,0,0,0,0,0,4129,4470,518,135,16
308,34.17055744,-77.97775065,1,28,12,,1,1,0,0,0,0,0,0,0,0,0,0,0,0,0,0,0,0,0,0,0,0,0,0,0,0,0,0,0,0,0,0,0,0,10,0,0,4163,4163,155,125,5
309,34.16679576,-77.8380933,3,28,12,,1,0,0,0,0,0,0,0,0,0,0,0,0,0,0,0,0,0,0,0,0,0,0,0,0,0,0,0,0,0,0,0,0,0,0,0,0,4179,4096,576,123,18
310,34.17161825,-77.83518292,1,28,12,,1,0,0,0,0,0,0,0,0,0,0,0,0,0,0,0,0,0,0,0,0,0,0,0,0,0,0,0,0,0,0,0,0,0,0,0,0,4181,4077,581,123,18
313,34.32536195,-77.68918125,1,28,12,,1,0,0,0,0,0,0,0,0,0,0,0,0,0,0,0,0,0,0,0,0,0,0,0,0,0,0,0,0,0,0,0,0,0,0,0,0,4284,3430,909,103,28
314,34.353308,-77.65657435,3,28,12,,1,0,0,0,0,0,0,0,0,0,0,0,0,0,0,0,0,0,0,0,0,0,0,0,0,0,0,0,0,0,0,0,0,0,0,0,0,4293,3309,986,100,30
316,34.41901781,-77.56195229,1,28,12,,1,0,0,0,0,0,0,0,0,0,0,0,0,0,0,0,0,0,0,0,0,0,0,0,0,0,0,0,0,0,0,0,0,0,0,0,0,4339,3013,1221,91,37
317,34.59600163,-77.22687211,3,28,12,recovery,1,3,0,0,0,0,0,0,0,0,0,0,0,0,9,0,0,0,0,0,0,1,0,0,0,0,0,6,0,0,0,0,0,0,0,0,0,4467,2168,2091,66,63
318,34.63370503,-77.20696379,3,28,12,,1,0,0,0,0,0,0,0,0,0,0,0,0,0,0,0,0,0,0,0,0,0,0,0,0,0,0,0,0,0,0,0,0,0,0,0,0,4487,2018,2123,61,64
319,34.6496369,-77.22037247,1,28,12,,1,3,0,0,0,0,0,0,0,0,0,0,0,0,0,0,0,0,10,0,0,0,0,0,0,0,0,0,7,0,0,0,0,0,0,5,0,4498,1968,2071,60,63
320,34.75158377,-76.76160472,1,28,12,,1,1,0,0,0,0,0,0,0,0,0,0,0,0,0,0,0,0,0,0,0,0,0,0,0,0,0,0,0,0,0,0,0,0,0,0,6,4601,1319,3357,40,101
321,34.75650224,-76.78739828,1,28,12,Noisy,1,10,12,0,0,0,9,0,0,0,0,0,8,0,0,3,0,0,0,0,0,9,0,7,0,0,3,0,6,0,0,0,10,0,9,0,0,4605,1317,3277,40,99
322,34.77859881,-76.70438986,1,28,12,Subtle,1,0,0,0,0,0,0,0,0,0,0,0,0,0,0,0,0,0,0,0,0,0,0,0,0,0,0,0,0,0,0,0,0,0,0,0,0,4635,1186,3507,36,106
304,33.85391762,-77.96724611,1,28,13,,1,0,0,0,0,0,0,0,0,0,0,0,0,0,0,0,0,0,0,0,0,0,0,0,0,0,0,0,0,0,0,0,0,0,0,0,0,4000,316,409,10,13
546,41.27467323,-72.68341987,1,29,6,,1,0,0,0,0,0,0,0,0,0,0,0,0,0,0,0,0,0,0,0,0,0,0,0,0,0,0,0,0,0,0,0,0,0,0,0,0,8978,4950,4477,149,135
547,41.27327049,-72.66243655,1,29,6,,1,0,0,0,0,0,0,0,0,0,0,0,0,0,0,0,0,0,0,0,0,0,0,0,0,0,0,0,0,0,0,0,0,0,0,0,0,8980,4941,4534,149,137
548,41.27926466,-72.64654816,1,29,6,,1,1,0,0,0,0,0,0,0,0,0,0,0,0,0,0,0,0,0,0,0,0,0,0,0,0,0,0,0,6,0,0,0,0,0,0,0,8985,4909,4571,148,138
549,41.26405628,-72.54936934,1,29,6,,1,0,0,0,0,0,0,0,0,0,0,0,0,0,0,0,0,0,0,0,0,0,0,0,0,0,0,0,0,0,0,0,0,0,0,0,0,8986,4898,4846,147,146
550,41.26805588,-72.54466072,1,29,6,,1,0,0,0,0,0,0,0,0,0,0,0,0,0,0,0,0,0,0,0,0,0,0,0,0,0,0,0,0,0,0,0,0,0,0,0,0,8991,4881,4855,147,146
551,41.27960032,-72.54716016,1,29,6,,1,0,0,0,0,0,0,0,0,0,0,0,0,0,0,0,0,0,0,0,0,0,0,0,0,0,0,0,0,0,0,0,0,0,0,0,0,9000,4841,4838,146,146
521,40.19552707,-74.05963573,1,29,7,,1,0,0,0,0,0,0,0,0,0,0,0,0,0,0,0,0,0,0,0,0,0,0,0,0,0,0,0,0,0,0,0,0,0,0,0,0,8369,4771,1693,144,51
522,40.33982149,-74.08870378,1,29,7,,1,0,0,0,0,0,0,0,0,0,0,0,0,0,0,0,0,0,0,0,0,0,0,0,0,0,0,0,0,0,0,0,0,0,0,0,0,8389,4266,1490,128,45
523,40.33972065,-74.08382065,1,29,7,,1,0,0,0,0,0,0,0,0,0,0,0,0,0,0,0,0,0,0,0,0,0,0,0,0,0,0,0,0,0,0,0,0,0,0,0,0,8390,4263,1504,128,46
524,40.3420876,-74.08748272,1,29,7,,1,0,0,0,0,0,0,0,0,0,0,0,0,0,0,0,0,0,0,0,0,0,0,0,0,0,0,0,0,0,0,0,0,0,0,0,0,8391,4257,1492,128,45
525,40.6053696,-73.84563999,1,29,7,,1,1,0,0,0,0,0,0,0,0,0,0,0,0,0,0,0,0,0,0,0,0,3,0,0,0,0,0,0,0,0,0,0,0,0,0,0,8469,3144,1925,95,58
526,40.6073038,-73.84653935,1,29,7,,1,0,0,0,0,0,0,0,0,0,0,0,0,0,0,0,0,0,0,0,0,0,0,0,0,0,0,0,0,0,0,0,0,0,0,0,0,8472,3138,1921,95,58
527,40.60899844,-73.85463394,1,29,7,,1,0,0,0,0,0,0,0,0,0,0,0,0,0,0,0,0,0,0,0,0,0,0,0,0,0,0,0,0,0,0,0,0,0,0,0,0,8473,3137,1898,95,57
528,40.60888641,-73.8522543,1,29,7,,1,0,0,0,0,0,0,0,0,0,0,0,0,0,0,0,0,0,0,0,0,0,0,0,0,0,0,0,0,0,0,0,0,0,0,0,0,8474,3136,1904,95,58
529,40.60779698,-73.8404249,1,29,7,,1,0,0,0,0,0,0,0,0,0,0,0,0,0,0,0,0,0,0,0,0,0,0,0,0,0,0,0,0,0,0,0,0,0,0,0,0,8476,3132,1937,94,59
530,40.60865428,-73.84349274,1,29,7,,1,0,0,0,0,0,0,0,0,0,0,0,0,0,0,0,0,0,0,0,0,0,0,0,0,0,0,0,0,0,0,0,0,0,0,0,0,8477,3131,1928,94,58
531,40.6104398,-73.84465858,1,29,7,,1,0,0,0,0,0,0,0,0,0,0,0,0,0,0,0,0,0,0,0,0,0,0,0,0,0,0,0,0,0,0,0,0,0,0,0,0,8481,3125,1924,94,58
532,40.60735024,-73.62111723,1,29,7,,1,0,0,0,0,0,0,0,0,0,0,0,0,0,0,0,0,0,0,0,0,0,0,0,0,0,0,0,0,0,0,0,0,0,0,0,0,8504,2991,2534,90,77
534,41.11566268,-73.33868492,1,29,7,,1,0,0,0,0,0,0,0,0,0,0,0,0,0,0,0,0,0,0,0,0,0,0,0,0,0,0,0,0,0,0,0,0,0,0,0,0,8759,962,2854,29,86
535,41.18118975,-73.11906132,1,29,7,,1,0,0,0,0,0,0,0,0,0,0,0,0,0,0,0,0,0,0,0,0,0,0,0,0,0,0,0,0,0,0,0,0,0,0,0,0,8825,580,3388,18,102
539,41.2107613,-73.11295122,1,29,7,,1,1,0,0,0,0,0,0,0,0,0,0,0,0,0,0,0,0,0,0,0,0,0,0,0,0,0,0,0,0,0,0,9,0,0,0,0,8863,468,3378,15,102
540,41.22028656,-73.11120457,1,29,7,recovery,1,2,0,0,0,0,0,0,0,0,0,0,0,0,0,0,0,0,0,0,5,0,0,0,0,0,0,0,0,0,0,5,0,0,0,0,0,8875,433,3375,13,102
541,41.22692541,-73.0396399,1,29,7,,1,0,0,0,0,0,0,0,0,0,0,0,0,0,0,0,0,0,0,0,0,0,0,0,0,0,0,0,0,0,0,0,0,0,0,0,0,8881,361,3561,11,107
542,41.22804382,-73.03523677,1,29,7,,1,0,0,0,0,0,0,0,0,0,0,0,0,0,0,0,0,0,0,0,0,0,0,0,0,0,0,0,0,0,0,0,0,0,0,0,0,8883,354,3572,11,108
543,41.23270257,-72.99310383,1,29,7,,1,0,0,0,0,0,0,0,0,0,0,0,0,0,0,0,0,0,0,0,0,0,0,0,0,0,0,0,0,0,0,0,0,0,0,0,0,8887,309,3681,10,111
544,41.26767905,-72.86373143,1,29,7,,1,1,0,0,0,0,0,0,0,0,0,0,0,0,0,0,0,0,0,0,0,0,0,0,0,0,0,0,0,12,0,0,0,0,0,0,0,8942,97,3998,3,120
545,41.26834031,-72.85954718,1,29,7,,1,1,0,0,0,0,0,0,0,0,0,0,0,0,0,0,0,0,0,0,0,0,0,0,0,0,0,0,0,0,6,0,0,0,0,0,0,8945,91,4009,3,121
452,38.99321616,-74.84734843,1,29,8,,1,0,0,0,0,0,0,0,0,0,0,0,0,0,0,0,0,0,0,0,0,0,0,0,0,0,0,0,0,0,0,0,0,0,0,0,0,7418,4650,525,140,16
459,39.1121753,-74.75359634,1,29,8,,1,0,0,0,0,0,0,0,0,0,0,0,0,0,0,0,0,0,0,0,0,0,0,0,0,0,0,0,0,0,0,0,0,0,0,0,0,7550,4157,688,125,21
460,39.13134155,-74.76351074,1,29,8,,1,0,0,0,0,0,0,0,0,0,0,0,0,0,0,0,0,0,0,0,0,0,0,0,0,0,0,0,0,0,0,0,0,0,0,0,0,7571,4094,645,123,20
461,39.13441645,-74.74333159,1,29,8,,1,0,0,0,0,0,0,0,0,0,0,0,0,0,0,0,0,0,0,0,0,0,0,0,0,0,0,0,0,0,0,0,0,0,0,0,0,7588,4070,698,123,21
466,39.1556451,-74.71591709,1,29,8,,1,0,0,0,0,0,0,0,0,0,0,0,0,0,0,0,0,0,0,0,0,0,0,0,0,0,0,0,0,0,0,0,0,0,0,0,0,7626,3975,757,120,23
467,39.16046123,-74.73701005,1,29,8,,1,0,0,0,0,0,0,0,0,0,0,0,0,0,0,0,0,0,0,0,0,0,0,0,0,0,0,0,0,0,0,0,0,0,0,0,0,7627,3971,694,120,21
468,39.19896796,-74.94464667,1,29,8,Gradual,1,0,0,0,0,0,0,0,0,0,0,0,0,0,0,0,0,0,0,0,0,0,0,0,0,0,0,0,0,0,0,0,0,0,0,0,0,7632,3961,85,119,3
479,39.26730409,-74.6333342,1,29,8,,1,0,0,0,0,0,0,0,0,0,0,0,0,0,0,0,0,0,0,0,0,0,0,0,0,0,0,0,0,0,0,0,0,0,0,0,0,7785,3516,894,106,27
483,39.33342892,-74.66079748,1,29,8,,1,0,0,0,0,0,0,0,0,0,0,0,0,0,0,0,0,0,0,0,0,0,0,0,0,0,0,0,0,0,0,0,0,0,0,0,0,7847,3292,763,99,23
484,39.31674045,-74.54924704,1,29,8,,1,0,0,0,0,0,0,0,0,0,0,0,0,0,0,0,0,0,0,0,0,0,0,0,0,0,0,0,0,0,0,0,0,0,0,0,0,7849,3282,1086,99,33
485,39.35548673,-74.72023708,1,29,8,,1,0,0,0,0,0,0,0,0,0,0,0,0,0,0,0,0,0,0,0,0,0,0,0,0,0,0,0,0,0,0,0,0,0,0,0,0,7857,3250,579,98,18
486,39.32908049,-74.54452772,1,29,8,,1,0,0,0,0,0,0,0,0,0,0,0,0,0,0,0,0,0,0,0,0,0,0,0,0,0,0,0,0,0,0,0,0,0,0,0,0,7861,3234,1089,98,33
488,39.37816051,-74.46489244,1,29,8,,1,0,0,0,0,0,0,0,0,0,0,0,0,0,0,0,0,0,0,0,0,0,0,0,0,0,0,0,0,0,0,0,0,0,0,0,0,7922,3005,1269,91,39
489,39.41294804,-74.44591162,1,29,8,,1,0,0,0,0,0,0,0,0,0,0,0,0,0,0,0,0,0,0,0,0,0,0,0,0,0,0,0,0,0,0,0,0,0,0,0,0,7975,2866,1292,86,39
490,39.42546884,-74.47387624,1,29,8,,1,0,0,0,0,0,0,0,0,0,0,0,0,0,0,0,0,0,0,0,0,0,0,0,0,0,0,0,0,0,0,0,0,0,0,0,0,7980,2838,1204,86,37
491,39.44493335,-74.36149234,1,29,8,,1,0,0,0,0,0,0,0,0,0,0,0,0,0,0,0,0,0,0,0,0,0,0,0,0,0,0,0,0,0,0,0,0,0,0,0,0,8014,2696,1499,81,45
492,39.48385333,-74.39526362,1,29,8,,1,0,0,0,0,0,0,0,0,0,0,0,0,0,0,0,0,0,0,0,0,0,0,0,0,0,0,0,0,0,0,0,0,0,0,0,0,8022,2576,1373,78,42
493,39.56282096,-74.48309773,1,29,8,,1,0,0,0,0,0,0,0,0,0,0,0,0,0,0,0,0,0,0,0,0,0,0,0,0,0,0,0,0,0,0,0,0,0,0,0,0,8057,2344,1063,71,32
494,39.55767535,-74.3547037,1,29,8,,1,0,0,0,0,0,0,0,0,0,0,0,0,0,0,0,0,0,0,0,0,0,0,0,0,0,0,0,0,0,0,0,0,0,0,0,0,8074,2281,1423,69,43
495,39.5880955,-74.32161547,1,29,8,,1,0,0,0,0,0,0,0,0,0,0,0,0,0,0,0,0,0,0,0,0,0,0,0,0,0,0,0,0,0,0,0,0,0,0,0,0,8096,2149,1488,65,45
496,39.62710064,-74.27785976,1,29,8,,1,1,0,0,0,0,0,0,0,0,0,0,0,0,0,0,0,0,0,0,0,0,0,0,0,9,0,0,0,0,0,0,0,0,0,0,0,8120,1979,1576,60,48
497,39.68695808,-74.20298247,1,29,8,,1,0,0,0,0,0,0,0,0,0,0,0,0,0,0,0,0,0,0,0,0,0,0,0,0,0,0,0,0,0,0,0,0,0,0,0,0,8155,1713,1732,52,52
498,39.69739862,-74.2143402,1,29,8,,1,1,0,0,0,0,0,0,0,0,0,0,0,0,0,0,0,0,0,0,5,0,0,0,0,0,0,0,0,0,0,0,0,0,0,0,0,8159,1682,1692,51,51
499,39.7009061,-74.1893122,1,29,8,,1,0,0,0,0,0,0,0,0,0,0,0,0,0,0,0,0,0,0,0,0,0,0,0,0,0,0,0,0,0,0,0,0,0,0,0,0,8166,1654,1758,50,53
500,39.70325351,-74.18415617,1,29,8,,1,1,0,0,0,0,0,0,0,0,0,0,6,0,0,0,0,0,0,0,0,0,0,0,0,0,0,0,0,0,0,0,0,0,0,0,0,8169,1642,1770,50,54
501,39.70887755,-74.19112371,1,29,8,,1,0,0,0,0,0,0,0,0,0,0,0,0,0,0,0,0,0,0,0,0,0,0,0,0,0,0,0,0,0,0,0,0,0,0,0,0,8173,1626,1746,49,53
502,39.72798405,-74.17246178,1,29,8,,1,0,0,0,0,0,0,0,0,0,0,0,0,0,0,0,0,0,0,0,0,0,0,0,0,0,0,0,0,0,0,0,0,0,0,0,0,8182,1544,1782,47,54
503,39.73682275,-74.18310736,1,29,8,Gradual,1,0,0,0,0,0,0,0,0,0,0,0,0,0,0,0,0,0,0,0,0,0,0,0,0,0,0,0,0,0,0,0,0,0,0,0,0,8185,1519,1745,46,53
504,39.80992716,-74.17219111,1,29,8,,1,1,0,0,0,0,0,0,0,0,0,0,0,0,0,0,0,0,0,0,0,0,0,0,6,0,0,0,0,0,0,0,0,0,0,0,0,8211,1246,1713,38,52
505,39.8286495,-74.16797974,1,29,8,,1,1,0,0,0,0,0,0,0,0,0,0,0,0,0,0,0,0,0,0,0,0,0,0,0,0,8,0,0,0,0,0,0,0,0,0,0,8218,1175,1708,36,52
506,39.84681051,-74.15868826,1,29,8,,1,0,0,0,0,0,0,0,0,0,0,0,0,0,0,0,0,0,0,0,0,0,0,0,0,0,0,0,0,0,0,0,0,0,0,0,0,8231,1103,1718,34,52
507,39.84660652,-74.15087842,1,29,8,Gradual,1,0,0,0,0,0,0,0,0,0,0,0,0,0,0,0,0,0,0,0,0,0,0,0,0,0,0,0,0,0,0,0,0,0,0,0,0,8232,1099,1740,33,53
508,39.85048456,-74.14515387,1,29,8,,1,1,0,0,0,0,0,0,0,0,11,0,0,0,0,0,0,0,0,0,0,0,0,0,0,0,0,0,0,0,0,0,0,0,0,0,0,8237,1081,1753,33,53
509,39.85433885,-74.13993327,1,29,8,,1,0,0,0,0,0,0,0,0,0,0,0,0,0,0,0,0,0,0,0,0,0,0,0,0,0,0,0,0,0,0,0,0,0,0,0,0,8241,1064,1764,32,53
510,39.86431853,-74.13234821,1,29,8,recovery,1,1,0,0,0,0,0,0,0,0,0,0,0,0,11,0,0,0,0,0,0,0,0,0,0,0,0,0,0,0,0,0,0,0,0,0,0,8251,1023,1776,31,54
511,39.8660966,-74.13632634,1,29,8,,1,0,0,0,0,0,0,0,0,0,0,0,0,0,0,0,0,0,0,0,0,0,0,0,0,0,0,0,0,0,0,0,0,0,0,0,0,8252,1019,1764,31,53
512,39.90095284,-74.13463088,1,29,8,,1,1,0,0,0,0,0,0,0,0,0,0,0,0,0,0,0,0,0,0,0,5,0,0,0,0,0,0,0,0,0,0,0,0,0,0,0,8270,891,1739,27,53
513,39.90535432,-74.13541174,1,29,8,,1,1,0,0,0,0,0,0,0,0,0,0,0,0,0,0,0,0,0,0,11,0,0,0,0,0,0,0,0,0,0,0,0,0,0,0,0,8273,875,1733,27,52
514,40.01508241,-74.09699737,1,29,8,,1,0,0,0,0,0,0,0,0,0,0,0,0,0,0,0,0,0,0,0,0,0,0,0,0,0,0,0,0,0,0,0,0,0,0,0,0,8296,452,1745,14,53
515,40.02769215,-74.08208399,1,29,8,,1,0,0,0,0,0,0,0,0,0,0,0,0,0,0,0,0,0,0,0,0,0,0,0,0,0,0,0,0,0,0,0,0,0,0,0,0,8300,396,1775,12,54
516,40.03071668,-74.08046772,1,29,8,,1,0,0,0,0,0,0,0,0,0,0,0,0,0,0,0,0,0,0,0,0,0,0,0,0,0,0,0,0,0,0,0,0,0,0,0,0,8302,384,1777,12,54
519,40.12911406,-74.09908594,1,29,8,,1,0,0,0,0,0,0,0,0,0,0,0,0,0,0,0,0,0,0,0,0,0,0,0,0,0,0,0,0,0,0,0,0,0,0,0,0,8347,38,1642,2,50
520,40.13125252,-74.10213577,1,29,8,,1,0,0,0,0,0,0,0,0,0,0,0,0,0,0,0,0,0,0,0,0,0,0,0,0,0,0,0,0,0,0,0,0,0,0,0,0,8349,32,1631,1,49
423,38.18047553,-75.26442674,1,29,9,,1,0,0,0,0,0,0,0,0,0,0,0,0,0,0,0,0,0,0,0,0,0,0,0,0,0,0,0,0,0,0,0,0,0,0,0,0,6421,2875,18,87,1
428,38.22182387,-75.19155002,1,29,9,,1,0,0,0,0,0,0,0,0,0,0,0,0,0,0,0,0,0,0,0,0,0,0,0,0,0,0,0,0,0,0,0,0,0,0,0,0,6482,2679,191,81,6
429,38.22933919,-75.18818167,1,29,9,,1,0,0,0,0,0,0,0,0,0,0,0,0,0,0,0,0,0,0,0,0,0,0,0,0,0,0,0,0,0,0,0,0,0,0,0,0,6492,2649,194,80,6
431,38.25162678,-75.2059555,1,29,9,Gradual,1,0,0,0,0,0,0,0,0,0,0,0,0,0,0,0,0,0,0,0,0,0,0,0,0,0,0,0,0,0,0,0,0,0,0,0,0,6511,2579,126,78,4
433,38.25779913,-75.2030888,1,29,9,,1,0,0,0,0,0,0,0,0,0,0,0,0,0,0,0,0,0,0,0,0,0,0,0,0,0,0,0,0,0,0,0,0,0,0,0,0,6517,2555,129,77,4
436,38.29025573,-75.13333078,1,29,9,,1,0,0,0,0,0,0,0,0,0,0,0,0,0,0,0,0,0,0,0,0,0,0,0,0,0,0,0,0,0,0,0,0,0,0,0,0,6549,2393,299,72,9
439,38.43983823,-75.11464707,1,29,9,,1,0,0,0,0,0,0,0,0,0,0,0,0,0,0,0,0,0,0,0,0,0,0,0,0,0,0,0,0,0,0,0,0,0,0,0,0,6667,1835,230,56,7
444,38.61622079,-75.14124342,1,29,9,,1,0,0,0,0,0,0,0,0,0,0,0,0,0,0,0,0,0,0,0,0,0,0,0,0,0,0,0,0,0,0,0,0,0,0,0,0,6867,1209,12,37,1
329,35.83383073,-75.77123335,1,29,11,,1,4,0,0,0,0,10,0,0,0,0,0,0,0,0,0,0,0,0,3,0,0,3,0,0,0,0,0,0,0,0,0,0,4,0,0,0,4992,1755,438,53,14
330,35.84174092,-75.7443208,1,29,11,,1,4,0,0,0,0,0,0,0,0,12,0,0,0,0,0,0,0,0,0,0,0,0,0,0,6,0,0,0,9,0,0,0,4,0,0,0,5003,1709,510,52,16
331,35.86085211,-75.75159621,1,29,11,,1,1,0,0,0,0,0,0,0,0,0,0,0,0,0,0,0,0,0,0,1,0,0,0,0,0,0,0,0,0,0,0,0,0,0,0,0,5009,1644,474,50,15
332,35.86457116,-75.64151849,1,29,11,,1,3,0,0,0,0,0,0,1,0,0,0,0,0,0,0,0,0,0,3,0,0,0,0,0,0,0,0,0,0,0,0,0,3,0,0,0,5018,1561,792,47,24
333,35.87755098,-75.63821797,1,29,11,recovery,1,2,0,0,0,0,0,7,0,0,0,0,0,0,0,0,0,0,0,0,0,0,0,0,0,0,0,0,0,6,0,0,0,0,0,0,0,5023,1511,791,46,24
670,43.73235062,-69.82680616,1,30,4,,1,0,0,0,0,0,0,0,0,0,0,0,0,0,0,0,0,0,0,0,0,0,0,0,0,0,0,0,0,0,0,0,0,0,0,0,0,11559,4100,4634,123,140
671,43.74356306,-69.81510213,1,30,4,,1,0,0,0,0,0,0,0,0,0,0,0,0,0,0,0,0,0,0,0,0,0,0,0,0,0,0,0,0,0,0,0,0,0,0,0,0,11594,4052,4653,122,140
673,44.00316352,-69.8514049,1,30,4,,1,0,0,0,0,0,0,0,0,0,0,0,0,0,0,0,0,0,0,0,0,0,0,0,0,0,0,0,0,0,0,0,0,0,0,0,0,11724,3149,4297,95,129
674,44.00908664,-69.85122136,1,30,4,,1,0,0,0,0,0,0,0,0,0,0,0,0,0,0,0,0,0,0,0,0,0,0,0,0,0,0,0,0,0,0,0,0,0,0,0,0,11730,3128,4292,94,129
654,42.56455758,-70.79778621,1,30,5,,1,0,0,0,0,0,0,0,0,0,0,0,0,0,0,0,0,0,0,0,0,0,0,0,0,0,0,0,0,0,0,0,0,0,0,0,0,11117,3989,3271,120,99
655,42.57812257,-70.7366827,1,30,5,,1,0,0,0,0,0,0,0,0,0,0,0,0,0,0,0,0,0,0,0,0,0,0,0,0,0,0,0,0,0,0,0,0,0,0,0,0,11123,3897,3418,117,103
656,42.6161111,-70.68565732,1,30,5,,1,0,0,0,0,0,0,0,0,0,0,0,0,0,0,0,0,0,0,0,0,0,0,0,0,0,0,0,0,0,0,0,0,0,0,0,0,11135,3724,3515,112,106
657,42.63212917,-70.70072923,1,30,5,,1,0,0,0,0,0,0,0,0,0,0,0,0,0,0,0,0,0,0,0,0,0,0,0,0,0,0,0,0,0,0,0,0,0,0,0,0,11143,3677,3459,111,104
658,42.62228175,-70.63405039,1,30,5,,1,0,0,0,0,0,0,0,0,0,0,0,0,0,0,0,0,0,0,0,0,0,0,0,0,0,0,0,0,0,0,0,0,0,0,0,0,11146,3665,3644,110,110
659,42.65456567,-70.76654166,1,30,5,,1,0,0,0,0,0,0,0,0,0,0,0,0,0,0,0,0,0,0,0,0,0,0,0,0,0,0,0,0,0,0,0,0,0,0,0,0,11149,3643,3265,110,98
660,42.6991436,-70.81375409,1,30,5,,1,0,0,0,0,0,0,0,0,0,0,0,0,0,0,0,0,0,0,0,0,0,0,0,0,0,0,0,0,0,0,0,0,0,0,0,0,11166,3517,3098,106,93
661,42.77574417,-70.82820065,1,30,5,,1,0,0,0,0,0,0,0,0,0,0,0,0,0,0,0,0,0,0,0,0,0,0,0,0,0,0,0,0,0,0,0,0,0,0,0,0,11194,3252,2985,98,90
662,42.79113254,-70.83067948,1,30,5,,1,0,0,0,0,0,0,0,0,0,0,0,0,0,0,0,0,0,0,0,0,0,0,0,0,0,0,0,0,0,0,0,0,0,0,0,0,11198,3198,2964,96,89
663,42.92002779,-70.82748416,1,30,5,,1,0,0,0,0,0,0,0,0,0,0,0,0,0,0,0,0,0,0,0,0,0,0,0,0,0,0,0,0,0,0,0,0,0,0,0,0,11264,2732,2846,82,86
664,42.9262604,-70.80602269,1,30,5,,1,0,0,0,0,0,0,0,0,0,0,0,0,0,0,0,0,0,0,0,0,0,0,0,0,0,0,0,0,0,0,0,0,0,0,0,0,11272,2695,2896,81,87
665,43.00571381,-70.75072131,1,30,5,,1,0,0,0,0,0,0,0,0,0,0,0,0,0,0,0,0,0,0,0,0,0,0,0,0,0,0,0,0,0,0,0,0,0,0,0,0,11284,2370,2963,72,89
666,43.00861098,-70.75029221,1,30,5,,1,0,0,0,0,0,0,0,0,0,0,0,0,0,0,0,0,0,0,0,0,0,0,0,0,0,0,0,0,0,0,0,0,0,0,0,0,11287,2359,2961,71,89
667,43.39269068,-70.44070709,1,30,5,,1,0,0,0,0,0,0,0,0,0,0,0,0,0,0,0,0,0,0,0,0,0,0,0,0,0,0,0,0,0,0,0,0,0,0,0,0,11399,760,3388,23,102
668,43.56862921,-70.37076904,1,30,5,,1,0,0,0,0,0,0,0,0,0,0,0,0,0,0,0,0,0,0,0,0,0,0,0,0,0,0,0,0,0,0,0,0,0,0,0,0,11465,79,3395,3,102
669,43.58114537,-70.37449659,1,30,5,,1,2,0,0,0,0,0,0,0,0,0,0,0,0,0,0,0,0,0,0,0,0,0,0,0,0,0,7,0,0,0,0,0,0,6,0,0,11478,37,3373,2,102
552,41.28240208,-72.48003676,1,30,6,,1,0,0,0,0,0,0,0,0,0,0,0,0,0,0,0,0,0,0,0,0,0,0,0,0,0,0,0,0,0,0,0,0,0,0,0,0,9004,4785,16,144,1
553,41.2718271,-72.38889184,1,30,6,,1,0,0,0,0,0,0,0,0,0,0,0,0,0,0,0,0,0,0,0,0,0,0,0,0,0,0,0,0,0,0,0,0,0,0,0,0,9008,4761,270,143,9
554,41.27928288,-72.38049888,1,30,6,,1,0,0,0,0,0,0,0,0,0,0,0,0,0,0,0,0,0,0,0,0,0,0,0,0,0,0,0,0,0,0,0,0,0,0,0,0,9020,4728,286,142,9
555,41.28363734,-72.29016793,1,30,6,,1,0,0,0,0,0,0,0,0,0,0,0,0,0,0,0,0,0,0,0,0,0,0,0,0,0,0,0,0,0,0,0,0,0,0,0,0,9029,4651,525,140,16
556,41.29939404,-72.3675991,1,30,6,,1,0,0,0,0,0,0,0,0,0,0,0,0,0,0,0,0,0,0,0,0,0,0,0,0,0,0,0,0,0,0,0,0,0,0,0,0,9031,4647,302,140,10
557,41.30449608,-72.34245394,1,30,6,,1,2,0,0,0,0,0,0,0,0,0,0,0,0,0,0,0,0,0,0,3,0,0,0,0,0,0,0,0,0,0,0,6,0,0,0,0,9038,4611,365,139,11
558,41.35126305,-72.35874813,1,30,6,,1,2,0,0,0,0,0,0,0,0,0,0,0,0,0,0,0,6,0,0,0,0,0,0,0,0,0,0,0,0,0,0,0,0,3,0,0,9059,4453,278,134,9
559,41.51320276,-71.05384125,1,30,6,,1,0,0,0,0,0,0,0,0,0,0,0,0,0,0,0,0,0,0,0,0,0,0,0,0,0,0,0,0,0,0,0,0,0,0,0,0,9310,2957,3616,89,109
561,41.51609687,-71.06334885,1,30,6,,1,0,0,0,0,0,0,0,0,0,0,0,0,0,0,0,0,0,0,0,0,0,0,0,0,0,0,0,0,0,0,0,0,0,0,0,0,9312,2953,3588,89,108
563,41.51535643,-71.00731502,1,30,6,,1,1,0,0,0,0,0,0,0,0,0,0,0,0,0,0,0,0,0,0,0,0,0,0,0,9,0,0,0,0,0,0,0,0,0,0,0,9334,2915,3738,88,113
564,41.5504195,-71.12292348,1,30,6,,1,0,0,0,0,0,0,0,0,0,0,0,0,0,0,0,0,0,0,0,0,0,0,0,0,0,0,0,0,0,0,0,0,0,0,0,0,9346,2872,3396,87,102
565,41.57997683,-70.95461104,1,30,6,,1,0,0,0,0,0,0,0,0,0,0,0,0,0,0,0,0,0,0,0,0,0,0,0,0,0,0,0,0,0,0,0,0,0,0,0,0,9360,2645,3816,80,115
578,41.7593937,-70.48467293,1,30,6,,1,1,0,0,0,0,0,0,0,0,0,0,0,0,3,0,0,0,0,0,0,0,0,0,0,0,0,0,0,0,0,0,0,0,0,0,0,9598,1659,4889,50,147
533,40.90608505,-72.5661298,1,30,7,,1,0,0,0,0,0,0,0,0,0,0,0,0,0,0,0,0,0,0,0,0,0,0,0,0,0,0,0,0,0,0,0,0,0,0,0,0,8720,1205,128,37,4
536,40.99865631,-72.06277236,1,30,7,,1,0,0,0,0,0,0,0,0,0,0,0,0,0,0,0,0,0,0,0,0,0,0,0,0,0,0,0,0,0,0,0,0,0,0,0,0,8843,525,1400,16,42
537,41.00076758,-72.06323129,1,30,7,,1,0,0,0,0,0,0,0,0,0,0,0,0,0,0,0,0,0,0,0,0,0,0,0,0,0,0,0,0,0,0,0,0,0,0,0,0,8849,517,1397,16,42
538,41.00246889,-72.06931853,1,30,7,,1,0,0,0,0,0,0,0,0,0,0,0,0,0,0,0,0,0,0,0,0,0,0,0,0,0,0,0,0,0,0,0,0,0,0,0,0,8851,516,1379,16,42
681,44.49492801,-67.86943274,1,31,3,,1,0,0,0,0,0,0,0,0,0,0,0,0,0,0,0,0,0,0,0,0,0,0,0,0,0,0,0,0,0,0,0,0,0,0,0,0,12231,4914,3830,148,115
682,44.62038062,-67.72070667,1,31,3,,1,0,0,0,0,0,0,0,0,0,0,0,0,0,0,0,0,0,0,0,0,0,0,0,0,0,0,0,0,0,0,0,0,0,0,0,0,12398,4354,4069,131,123
683,44.61965479,-67.46572235,1,31,3,,1,0,0,0,0,0,0,0,0,0,0,0,0,0,0,0,0,0,0,0,0,0,0,0,0,0,0,0,0,0,0,0,0,0,0,0,0,12434,4158,4713,125,142
684,44.66313692,-67.39834628,1,31,3,,1,3,0,0,0,0,0,0,0,0,0,0,0,0,4,0,0,0,0,12,0,0,0,0,0,0,4,0,0,0,0,0,0,0,0,0,0,12464,3952,4835,119,146
676,44.4209064,-68.31069222,1,31,4,,1,0,0,0,0,0,0,0,0,0,0,0,0,0,0,0,0,0,0,0,0,0,0,0,0,0,0,0,0,0,0,0,0,0,0,0,0,12017,516,2792,16,84
679,44.62395089,-68.85440147,1,31,4,,1,0,0,0,0,0,0,0,0,0,0,0,0,0,0,0,0,0,0,0,0,0,0,0,0,0,0,0,0,0,0,0,0,0,0,0,0,12139,202,1199,7,36
680,44.47504125,-68.11132428,3,31,4,,1,0,0,0,0,0,0,0,0,0,0,0,0,0,0,0,0,0,0,0,0,0,0,0,0,0,0,0,0,0,0,0,0,0,0,0,0,12150,171,3239,6,98
560,41.41102668,-70.54345128,1,31,6,,1,0,0,0,0,0,0,0,0,0,0,0,0,0,0,0,0,0,0,0,0,0,0,0,0,0,0,0,0,0,0,0,0,0,0,0,0,9311,2955,77,89,3
566,41.5929839,-70.47173988,1,31,6,,1,0,0,0,0,0,0,0,0,0,0,0,0,0,0,0,0,0,0,0,0,0,0,0,0,0,0,0,0,0,0,0,0,0,0,0,0,9389,2248,88,68,3
567,41.65202033,-70.18458556,1,31,6,,1,0,0,0,0,0,0,0,0,0,0,0,0,0,0,0,0,0,0,0,0,0,0,0,0,0,0,0,0,0,0,0,0,0,0,0,0,9525,1824,792,55,24
568,41.65446361,-70.19378317,1,31,6,,1,0,0,0,0,0,0,0,0,0,0,0,0,0,0,0,0,0,0,0,0,0,0,0,0,0,0,0,0,0,0,0,0,0,0,0,0,9526,1822,765,55,23
569,41.65383281,-70.15645914,1,31,6,,1,0,0,0,0,0,0,0,0,0,0,0,0,0,0,0,0,0,0,0,0,0,0,0,0,0,0,0,0,0,0,0,0,0,0,0,0,9528,1797,865,54,26
570,41.63283188,-69.98415165,3,31,6,,1,0,0,0,0,0,0,0,0,0,0,0,0,0,0,0,0,0,0,0,0,0,0,0,0,0,0,0,0,0,0,0,0,0,0,0,0,9553,1744,1343,53,41
571,41.63222308,-69.97539753,1,31,6,,1,0,0,0,0,0,0,0,0,0,0,0,0,0,0,0,0,0,0,0,0,0,0,0,0,0,0,0,0,0,0,0,0,0,0,0,0,9560,1740,1367,53,42
572,41.6333111,-69.97557589,1,31,6,,1,1,0,0,0,0,0,12,0,0,0,0,0,0,0,0,0,0,0,0,0,0,0,0,0,0,0,0,0,0,0,0,0,0,0,0,0,9562,1736,1366,53,41
573,41.63397997,-69.97781436,1,31,6,,1,0,0,0,0,0,0,0,0,0,0,0,0,0,0,0,0,0,0,0,0,0,0,0,0,0,0,0,0,0,0,0,0,0,0,0,0,9564,1736,1359,53,41
574,41.7214348,-70.37105278,1,31,6,,1,0,0,0,0,0,0,0,0,0,0,0,0,0,0,0,0,0,0,0,0,0,0,0,0,0,0,0,0,0,0,0,0,0,0,0,0,9574,1712,228,52,7
575,41.64141277,-69.97554684,1,31,6,,1,0,0,0,0,0,0,0,0,0,0,0,0,0,0,0,0,0,0,0,0,0,0,0,0,0,0,0,0,0,0,0,0,0,0,0,0,9575,1707,1358,52,41
576,41.67730712,-70.10877234,1,31,6,,1,0,0,0,0,0,0,0,0,0,0,0,0,0,0,0,0,0,0,0,0,0,0,0,0,0,0,0,0,0,0,0,0,0,0,0,0,9592,1677,968,51,30
577,41.72685974,-70.33266741,1,31,6,,1,0,0,0,0,0,0,0,0,0,0,0,0,0,0,0,0,0,0,0,0,0,0,0,0,0,0,0,0,0,0,0,0,0,0,0,0,9595,1664,324,50,10
579,41.67525926,-70.06499849,1,31,6,,1,1,0,0,0,0,0,0,0,0,0,0,0,0,0,0,0,0,0,0,2,0,0,0,0,0,0,0,0,0,0,0,0,0,0,0,0,9605,1652,1086,50,33
580,41.66096199,-69.9642364,1,31,6,,1,0,0,0,0,0,0,0,0,0,0,0,0,0,0,0,0,0,0,0,0,0,0,0,0,0,0,0,0,0,0,0,0,0,0,0,0,9620,1629,1368,49,42
581,41.66060125,-69.95796659,1,31,6,,1,0,0,0,0,0,0,0,0,0,0,0,0,0,0,0,0,0,0,0,0,0,0,0,0,0,0,0,0,0,0,0,0,0,0,0,0,9626,1625,1385,49,42
582,41.66129178,-69.95732634,1,31,6,,1,0,0,0,0,0,0,0,0,0,0,0,0,0,0,0,0,0,0,0,0,0,0,0,0,0,0,0,0,0,0,0,0,0,0,0,0,9631,1622,1386,49,42
583,41.66242457,-69.95701711,1,31,6,,1,1,0,0,0,0,0,0,0,0,0,0,0,0,0,0,0,0,0,0,0,0,0,0,0,0,0,0,0,0,0,0,0,8,0,0,0,9640,1618,1386,49,42
584,41.66825515,-69.96076939,1,31,6,,1,0,0,0,0,0,0,0,0,0,0,0,0,0,0,0,0,0,0,0,0,0,0,0,0,0,0,0,0,0,0,0,0,0,0,0,0,9673,1600,1370,48,42
585,41.69145778,-69.9471625,1,31,6,,1,1,0,0,0,0,0,0,0,0,0,0,0,0,0,0,0,0,0,0,0,0,0,0,0,0,0,0,0,0,0,0,0,0,5,0,0,9732,1506,1382,46,42
586,41.71736568,-69.95722122,1,31,6,Gradual,1,2,0,0,0,11,0,0,0,0,0,0,0,0,0,0,0,0,0,0,3,0,0,0,0,0,0,0,0,0,0,0,0,0,0,0,0,9775,1421,1330,43,40
587,41.71707977,-69.95474297,1,31,6,,1,0,0,0,0,0,0,0,0,0,0,0,0,0,0,0,0,0,0,0,0,0,0,0,0,0,0,0,0,0,0,0,0,0,0,0,0,9776,1420,1336,43,41
588,41.71335057,-69.93493292,3,31,6,,1,2,0,0,0,0,6,0,0,0,0,0,0,0,0,0,0,0,0,0,0,0,0,0,0,0,0,5,0,0,0,0,0,0,0,0,0,9778,1419,1393,43,42
589,41.7153219,-69.93320774,1,31,6,,1,0,0,0,0,0,0,0,0,0,0,0,0,0,0,0,0,0,0,0,0,0,0,0,0,0,0,0,0,0,0,0,0,0,0,0,0,9792,1410,1395,43,42
590,41.7224307,-69.95463595,1,31,6,Gradual,1,1,0,8,0,0,0,0,0,0,0,0,0,0,0,0,0,0,0,0,0,0,0,0,0,0,0,0,0,0,0,0,0,0,0,0,0,9808,1401,1331,43,40
591,41.72254217,-69.95488566,1,31,6,,1,0,0,0,0,0,0,0,0,0,0,0,0,0,0,0,0,0,0,0,0,0,0,0,0,0,0,0,0,0,0,0,0,0,0,0,0,9809,1400,1330,42,40
592,41.72464215,-69.95630279,3,31,6,,1,0,0,0,0,0,0,0,0,0,0,0,0,0,0,0,0,0,0,0,0,0,0,0,0,0,0,0,0,0,0,0,0,0,0,0,0,9821,1394,1325,42,40
593,41.73112148,-69.95358807,1,31,6,,1,0,0,0,0,0,0,0,0,0,0,0,0,0,0,0,0,0,0,0,0,0,0,0,0,0,0,0,0,0,0,0,0,0,0,0,0,9846,1369,1325,42,40
594,41.73179536,-69.95664843,1,31,6,Gradual,1,0,0,0,0,0,0,0,0,0,0,0,0,0,0,0,0,0,0,0,0,0,0,0,0,0,0,0,0,0,0,0,0,0,0,0,0,9847,1369,1316,42,40
595,41.73720816,-69.97180795,1,31,6,,1,0,0,0,0,0,0,0,0,0,0,0,0,0,0,0,0,0,0,0,0,0,0,0,0,0,0,0,0,0,0,0,0,0,0,0,0,9862,1360,1271,41,39
596,41.72915056,-69.93228694,1,31,6,,1,1,0,0,0,0,0,0,0,0,0,0,0,0,0,0,0,0,0,0,0,0,0,0,0,0,0,0,0,4,0,0,0,0,0,0,0,9865,1360,1384,41,42
597,41.73795283,-69.97105882,1,31,6,,1,0,0,0,0,0,0,0,0,0,0,0,0,0,0,0,0,0,0,0,0,0,0,0,0,0,0,0,0,0,0,0,0,0,0,0,0,9869,1357,1272,41,39
598,41.73860831,-69.97284246,1,31,6,,1,1,0,0,0,0,0,0,0,0,0,0,0,0,0,0,0,0,0,0,0,0,0,0,0,0,0,0,0,0,4,0,0,0,0,0,0,9871,1356,1267,41,38
599,41.73948676,-69.93212195,1,31,6,,1,1,0,0,0,0,0,0,4,0,0,0,0,0,0,0,0,0,0,0,0,0,0,0,0,0,0,0,0,0,0,0,0,0,0,0,0,9912,1323,1374,40,42
600,41.74696467,-69.94392965,1,31,6,,1,0,0,0,0,0,0,0,0,0,0,0,0,0,0,0,0,0,0,0,0,0,0,0,0,0,0,0,0,0,0,0,0,0,0,0,0,9937,1305,1335,40,41
601,41.74811066,-69.94794284,1,31,6,Gradual,1,0,0,0,0,0,0,0,0,0,0,0,0,0,0,0,0,0,0,0,0,0,0,0,0,0,0,0,0,0,0,0,0,0,0,0,0,9940,1304,1323,40,40
602,41.74647863,-69.93384317,1,31,6,,1,0,0,0,0,0,0,0,0,0,0,0,0,0,0,0,0,0,0,0,0,0,0,0,0,0,0,0,0,0,0,0,0,0,0,0,0,9950,1299,1362,39,41
603,41.74862791,-69.93666132,1,31,6,,1,0,0,0,0,0,0,0,0,0,0,0,0,0,0,0,0,0,0,0,0,0,0,0,0,0,0,0,0,0,0,0,0,0,0,0,0,9963,1293,1352,39,41
604,41.7506568,-69.9446654,1,31,6,Gradual,1,1,0,0,0,5,0,0,0,0,0,0,0,0,0,0,0,0,0,0,0,0,0,0,0,0,0,0,0,0,0,0,0,0,0,0,0,9969,1292,1329,39,40
605,41.75327086,-69.94716447,1,31,6,,1,0,0,0,0,0,0,0,0,0,0,0,0,0,0,0,0,0,0,0,0,0,0,0,0,0,0,0,0,0,0,0,0,0,0,0,0,9988,1284,1320,39,40
606,41.75361765,-69.94864292,1,31,6,Gradual,1,1,0,0,0,0,12,0,0,0,0,0,0,0,0,0,0,0,0,0,0,0,0,0,0,0,0,0,0,0,0,0,0,0,0,0,0,9989,1284,1316,39,40
607,41.75369835,-69.94576737,1,31,6,,1,0,0,0,0,0,0,0,0,0,0,0,0,0,0,0,0,0,0,0,0,0,0,0,0,0,0,0,0,0,0,0,0,0,0,0,0,9999,1282,1323,39,40
608,41.75621778,-69.94164101,1,31,6,,1,1,0,0,0,0,0,0,0,0,0,3,0,0,0,0,0,0,0,0,0,0,0,0,0,0,0,0,0,0,0,0,0,0,0,0,0,10028,1270,1332,39,40
609,41.78631289,-70.07198685,3,31,6,,1,0,0,0,0,0,0,0,0,0,0,0,0,0,0,0,0,0,0,0,0,0,0,0,0,0,0,0,0,0,0,0,0,0,0,0,0,10049,1258,956,38,29
610,41.77340714,-69.93756206,1,31,6,,1,1,0,0,0,0,0,0,0,0,0,0,0,0,0,0,0,0,0,0,0,0,0,0,0,7,0,0,0,0,0,0,0,0,0,0,0,10119,1205,1325,37,40
611,41.77573925,-69.94447366,1,31,6,Landsat 8,1,1,0,0,0,0,0,0,0,0,0,0,0,0,0,0,0,0,0,0,0,0,0,0,0,7,0,0,0,0,0,0,0,0,0,0,0,10122,1202,1304,37,40
612,41.77755353,-69.93699003,1,31,6,Subtle,1,1,0,0,0,0,0,0,0,0,0,0,0,0,0,0,0,0,0,0,0,0,0,6,0,0,0,0,0,0,0,0,0,0,0,0,0,10135,1190,1322,36,40
613,41.77959746,-69.93786962,1,31,6,,1,1,0,0,0,0,0,0,0,0,0,0,0,0,0,0,0,0,0,0,0,0,0,0,0,0,0,0,0,0,0,0,0,0,0,0,2,10140,1183,1318,36,40
614,41.80494679,-69.98677424,1,31,6,,1,1,0,0,0,0,0,0,0,0,0,0,0,0,0,0,0,0,0,0,0,0,0,0,0,0,0,0,0,0,0,0,0,0,0,7,0,10170,1128,1163,34,35
615,41.80701092,-69.96919492,1,31,6,,1,0,0,0,0,0,0,0,0,0,0,0,0,0,0,0,0,0,0,0,0,0,0,0,0,0,0,0,0,0,0,0,0,0,0,0,0,10188,1108,1207,34,37
616,41.80499987,-69.94569546,1,31,6,,1,1,0,0,0,0,0,0,8,0,0,0,0,0,0,0,0,0,0,0,0,0,0,0,0,0,0,0,0,0,0,0,0,0,0,0,0,10202,1098,1272,33,39
617,41.80606114,-69.94275245,1,31,6,,1,0,0,0,0,0,0,0,0,0,0,0,0,0,0,0,0,0,0,0,0,0,0,0,0,0,0,0,0,0,0,0,0,0,0,0,0,10209,1092,1278,33,39
618,41.80698417,-69.94153066,1,31,6,noisy,1,1,0,0,0,0,0,0,0,0,0,0,0,0,0,0,4,0,0,0,0,0,0,0,0,0,0,0,0,0,0,0,0,0,0,0,0,10217,1087,1281,33,39
619,41.82120424,-69.99083494,1,31,6,,1,0,0,0,0,0,0,0,0,0,0,0,0,0,0,0,0,0,0,0,0,0,0,0,0,0,0,0,0,0,0,0,0,0,0,0,0,10257,1073,1136,33,35
620,41.82214511,-69.99436209,1,31,6,,1,0,0,0,0,0,0,0,0,0,0,0,0,0,0,0,0,0,0,0,0,0,0,0,0,0,0,0,0,0,0,0,0,0,0,0,0,10261,1072,1125,33,34
621,41.81475192,-69.95012334,1,31,6,,1,0,0,0,0,0,0,0,0,0,0,0,0,0,0,0,0,0,0,0,0,0,0,0,0,0,0,0,0,0,0,0,0,0,0,0,0,10272,1066,1250,32,38
622,41.81709295,-69.95078775,1,31,6,,1,0,0,0,0,0,0,0,0,0,0,0,0,0,0,0,0,0,0,0,0,0,0,0,0,0,0,0,0,0,0,0,0,0,0,0,0,10286,1058,1246,32,38
623,41.82084306,-69.95988432,1,31,6,,1,0,0,0,0,0,0,0,0,0,0,0,0,0,0,0,0,0,0,0,0,0,0,0,0,0,0,0,0,0,0,0,0,0,0,0,0,10297,1051,1218,32,37
624,41.82481793,-69.963058,1,31,6,,1,0,0,0,0,0,0,0,0,0,0,0,0,0,0,0,0,0,0,0,0,0,0,0,0,0,0,0,0,0,0,0,0,0,0,0,0,10323,1039,1206,32,37
625,41.82309044,-69.950761,1,31,6,,1,0,0,0,0,0,0,0,0,0,0,0,0,0,0,0,0,0,0,0,0,0,0,0,0,0,0,0,0,0,0,0,0,0,0,0,0,10329,1036,1240,32,38
626,41.82680538,-69.95373405,3,31,6,Ephemeral,1,0,0,0,0,0,0,0,0,0,0,0,0,0,0,0,0,0,0,0,0,0,0,0,0,0,0,0,0,0,0,0,0,0,0,0,0,10341,1025,1228,31,37
627,41.8267469,-69.94841551,1,31,6,,1,1,0,0,0,0,0,0,0,0,0,0,0,0,0,0,0,0,0,0,0,0,0,0,0,0,9,0,0,0,0,0,0,0,0,0,0,10345,1022,1242,31,38
628,41.82749158,-69.94977999,1,31,6,,1,2,0,0,0,0,0,0,9,0,0,0,0,0,0,0,0,0,0,0,0,0,0,0,0,0,0,0,4,0,0,0,0,0,0,0,0,10348,1020,1238,31,38
629,41.82874458,-69.95263828,1,31,6,,1,0,0,0,0,0,0,0,0,0,0,0,0,0,0,0,0,0,0,0,0,0,0,0,0,0,0,0,0,0,0,0,0,0,0,0,0,10352,1017,1229,31,37
630,41.82974788,-69.95563925,1,31,6,,1,2,0,0,0,0,0,12,0,0,0,0,0,0,0,0,0,0,0,0,0,0,0,0,0,0,0,0,0,0,3,0,0,0,0,0,0,10356,1016,1220,31,37
631,41.83344002,-69.95474297,1,31,6,,1,0,0,0,0,0,0,0,0,0,0,0,0,0,0,0,0,0,0,0,0,0,0,0,0,0,0,0,0,0,0,0,0,0,0,0,0,10381,1002,1219,31,37
632,41.83324827,-69.94961947,1,31,6,,1,0,0,0,0,0,0,0,0,0,0,0,0,0,0,0,0,0,0,0,0,0,0,0,0,0,0,0,0,0,0,0,0,0,0,0,0,10390,999,1233,30,37
633,41.83406429,-69.95040427,1,31,6,,1,1,0,0,0,0,0,0,0,0,0,0,0,0,0,0,0,0,0,0,0,0,0,0,0,0,0,0,0,0,0,3,0,0,0,0,0,10393,997,1230,30,37
634,41.83578996,-69.95424801,1,31,6,,1,2,0,0,0,0,0,12,0,0,0,0,0,0,0,0,0,0,0,0,0,0,0,0,0,0,0,0,0,0,0,1,0,0,0,0,0,10404,993,1218,30,37
635,41.8758639,-69.99871417,1,31,6,,1,1,0,0,0,0,0,0,0,0,0,0,0,0,0,0,0,0,0,0,0,0,0,0,0,0,0,7,0,0,0,0,0,0,0,0,0,10446,883,1060,27,32
636,41.87662641,-69.99551699,1,31,6,,1,0,0,0,0,0,0,0,0,0,0,0,0,0,0,0,0,0,0,0,0,0,0,0,0,0,0,0,0,0,0,0,0,0,0,0,0,10450,877,1067,27,33
637,41.89248743,-69.99319826,1,31,6,,1,0,0,0,0,0,0,0,0,0,0,0,0,0,0,0,0,0,0,0,0,0,0,0,0,0,0,0,0,0,0,0,0,0,0,0,0,10519,819,1058,25,32
638,41.89719178,-69.98984056,1,31,6,,1,2,0,0,0,4,0,0,0,0,0,0,0,0,0,0,0,0,0,0,0,0,0,0,0,0,0,0,0,10,0,0,0,0,0,0,0,10556,799,1062,24,32
639,41.90187384,-69.99932061,1,31,6,,1,0,0,0,0,0,0,0,0,0,0,0,0,0,0,0,0,0,0,0,0,0,0,0,0,0,0,0,0,0,0,0,0,0,0,0,0,10566,790,1032,24,31
640,41.90669413,-69.99060306,1,31,6,,1,1,0,0,0,0,0,0,0,0,0,6,0,0,0,0,0,0,0,0,0,0,0,0,0,0,0,0,0,0,0,0,0,0,0,0,0,10587,766,1050,23,32
641,41.90904853,-69.99274343,1,31,6,,1,0,0,0,0,0,0,0,0,0,0,0,0,0,0,0,0,0,0,0,0,0,0,0,0,0,0,0,0,0,0,0,0,0,0,0,0,10603,759,1042,23,32
642,41.9104715,-69.99312368,3,31,6,,1,0,0,0,0,0,0,0,0,0,0,0,0,0,0,0,0,0,0,0,0,0,0,0,0,0,0,0,0,0,0,0,0,0,0,0,0,10618,754,1040,23,32
643,41.91719531,-70.01765197,1,31,6,,1,0,0,0,0,0,0,0,0,0,0,0,0,0,0,0,0,0,0,0,0,0,0,0,0,0,0,0,0,0,0,0,0,0,0,0,0,10636,748,968,23,30
644,41.91303943,-69.98814164,1,31,6,,1,0,0,0,0,0,0,0,0,0,0,0,0,0,0,0,0,0,0,0,0,0,0,0,0,0,0,0,0,0,0,0,0,0,0,0,0,10652,741,1050,23,32
645,41.93833591,-70.05567472,1,31,6,noisy,1,0,0,0,0,0,0,0,0,0,0,0,0,0,0,0,0,0,0,0,0,0,0,0,0,0,0,0,0,0,0,0,0,0,0,0,0,10695,700,846,21,26
646,41.99740116,-70.07707395,1,31,6,,1,0,0,0,0,0,0,0,0,0,0,0,0,0,0,0,0,0,0,0,0,0,0,0,0,0,0,0,0,0,0,0,0,0,0,0,0,10809,504,730,16,22
647,41.994748,-70.06123076,1,31,6,,1,0,0,0,0,0,0,0,0,0,0,0,0,0,0,0,0,0,0,0,0,0,0,0,0,0,0,0,0,0,0,0,0,0,0,0,0,10814,502,775,16,24
648,42.0288175,-70.20059515,3,31,6,,1,0,0,0,0,0,0,0,0,0,0,0,0,0,0,0,0,0,0,0,0,0,0,0,0,0,0,0,0,0,0,0,0,0,0,0,0,10861,482,373,15,12
649,42.03376116,-70.20106302,1,31,6,,1,0,0,0,0,0,0,0,0,0,0,0,0,0,0,0,0,0,0,0,0,0,0,0,0,0,0,0,0,0,0,0,0,0,0,0,0,10892,465,367,14,11
650,42.03641346,-70.19988882,1,31,6,,1,0,0,0,0,0,0,0,0,0,0,0,0,0,0,0,0,0,0,0,0,0,0,0,0,0,0,0,0,0,0,0,0,0,0,0,0,10904,455,367,14,11
651,42.06077146,-70.23931558,3,31,6,Gradual,1,2,0,0,0,0,6,0,0,0,0,0,0,0,0,0,0,0,0,0,8,0,0,0,0,0,0,0,0,0,0,0,0,0,0,0,0,10933,396,239,12,8
652,42.06535854,-70.23299083,1,31,6,,1,1,0,0,0,0,0,0,0,0,0,0,0,0,0,0,0,6,0,0,0,0,0,0,0,0,0,0,0,0,0,0,0,0,0,0,0,10958,375,251,12,8
653,42.06960293,-70.23056513,1,31,6,,1,1,0,0,0,0,0,0,0,0,0,0,0,0,0,0,0,7,0,0,0,0,0,0,0,0,0,0,0,0,0,0,0,0,0,0,0,10973,358,253,11,8
